Carlow County Council,Cavan County Council,Clare County Council,Cork City Council,Cork County Council,Donegal County Council,Dublin City Council,DÃºn Laoghaire Rathdown County Council,Fingal County Council,Galway City Council,Galway County Council,Ireland,Kerry County Council,Kildare County Council,Kilkenny County Council,Laois County Council,Leitrim County Council,Limerick City & County Council,Longford County Council,Louth County Council,Mayo  County Council,Meath County Council,Monaghan County Council,Offaly County Council,Roscommon County Council,Sligo County Council,South Dublin County Council,Tipperary County Council,Waterford City & County Council,Westmeath County Council,Wexford County Council,Wicklow County Council
699.0,1006.0,1377.0,2283.0,4190.0,1797.0,6213.0,2457.0,4009.0,792.0,2249.0,57796.0,1665.0,3005.0,1123.0,1100.0,404.0,2165.0,527.0,1700.0,1520.0,2774.0,868.0,935.0,748.0,743.0,3544.0,1932.0,1340.0,1129.0,1792.0,1710.0
353.0,501.0,691.0,1124.0,2055.0,881.0,3025.0,1188.0,1950.0,387.0,1073.0,28186.0,843.0,1455.0,553.0,545.0,204.0,1049.0,270.0,848.0,730.0,1368.0,423.0,454.0,366.0,367.0,1689.0,915.0,662.0,535.0,882.0,800.0
346.0,505.0,686.0,1159.0,2135.0,916.0,3188.0,1269.0,2059.0,405.0,1176.0,29610.0,822.0,1550.0,570.0,555.0,200.0,1116.0,257.0,852.0,790.0,1406.0,445.0,481.0,382.0,376.0,1855.0,1017.0,678.0,594.0,910.0,910.0
649.0,1004.0,1360.0,2284.0,4115.0,1881.0,5699.0,2437.0,3894.0,757.0,2217.0,56420.0,1550.0,2987.0,1121.0,1008.0,406.0,2235.0,482.0,1531.0,1566.0,2638.0,821.0,937.0,764.0,766.0,3673.0,1808.0,1266.0,1158.0,1724.0,1682.0
302.0,477.0,704.0,1136.0,2045.0,918.0,2762.0,1192.0,1907.0,395.0,1082.0,27545.0,739.0,1452.0,545.0,491.0,202.0,1087.0,238.0,722.0,790.0,1235.0,386.0,446.0,384.0,383.0,1751.0,872.0,602.0,602.0,878.0,820.0
347.0,527.0,656.0,1148.0,2070.0,963.0,2937.0,1245.0,1987.0,362.0,1135.0,28875.0,811.0,1535.0,576.0,517.0,204.0,1148.0,244.0,809.0,776.0,1403.0,435.0,491.0,380.0,383.0,1922.0,936.0,664.0,556.0,846.0,862.0
689.0,1061.0,1473.0,2306.0,4290.0,1971.0,5830.0,2489.0,4308.0,792.0,2349.0,59210.0,1651.0,3102.0,1179.0,1169.0,453.0,2373.0,544.0,1694.0,1526.0,2851.0,870.0,945.0,893.0,764.0,3734.0,1836.0,1329.0,1108.0,1835.0,1796.0
334.0,520.0,744.0,1162.0,2106.0,983.0,2795.0,1238.0,2112.0,386.0,1161.0,28974.0,803.0,1559.0,559.0,564.0,229.0,1130.0,243.0,793.0,731.0,1388.0,436.0,456.0,428.0,360.0,1867.0,879.0,665.0,532.0,921.0,890.0
355.0,541.0,729.0,1144.0,2184.0,988.0,3035.0,1251.0,2196.0,406.0,1188.0,30236.0,848.0,1543.0,620.0,605.0,224.0,1243.0,301.0,901.0,795.0,1463.0,434.0,489.0,465.0,404.0,1867.0,957.0,664.0,576.0,914.0,906.0
754.0,1085.0,1468.0,2294.0,4437.0,2074.0,5580.0,2613.0,4384.0,799.0,2438.0,60484.0,1714.0,3120.0,1203.0,1219.0,432.0,2352.0,583.0,1603.0,1557.0,2928.0,900.0,1009.0,859.0,825.0,3856.0,2048.0,1476.0,1148.0,1864.0,1862.0
378.0,525.0,745.0,1106.0,2177.0,1044.0,2705.0,1309.0,2161.0,389.0,1191.0,29483.0,847.0,1509.0,597.0,571.0,192.0,1159.0,300.0,787.0,743.0,1389.0,412.0,478.0,418.0,405.0,1859.0,1019.0,721.0,558.0,903.0,886.0
376.0,560.0,723.0,1188.0,2260.0,1030.0,2875.0,1304.0,2223.0,410.0,1247.0,31001.0,867.0,1611.0,606.0,648.0,240.0,1193.0,283.0,816.0,814.0,1539.0,488.0,531.0,441.0,420.0,1997.0,1029.0,755.0,590.0,961.0,976.0
745.0,1047.0,1505.0,2243.0,4620.0,2089.0,5624.0,2658.0,4422.0,830.0,2543.0,61505.0,1720.0,3267.0,1234.0,1220.0,450.0,2467.0,559.0,1732.0,1593.0,3026.0,873.0,1007.0,833.0,820.0,3870.0,2072.0,1390.0,1208.0,1941.0,1897.0
369.0,492.0,766.0,1101.0,2262.0,1047.0,2755.0,1278.0,2147.0,418.0,1189.0,29819.0,844.0,1563.0,618.0,577.0,227.0,1227.0,283.0,814.0,751.0,1448.0,424.0,488.0,406.0,408.0,1868.0,998.0,634.0,609.0,921.0,887.0
376.0,555.0,739.0,1142.0,2358.0,1042.0,2869.0,1380.0,2275.0,412.0,1354.0,31686.0,876.0,1704.0,616.0,643.0,223.0,1240.0,276.0,918.0,842.0,1578.0,449.0,519.0,427.0,412.0,2002.0,1074.0,756.0,599.0,1020.0,1010.0
749.0,1143.0,1620.0,2362.0,4753.0,2174.0,5575.0,2868.0,4639.0,849.0,2612.0,64026.0,1873.0,3296.0,1337.0,1248.0,447.0,2484.0,646.0,1793.0,1712.0,3121.0,882.0,1099.0,913.0,819.0,4053.0,2070.0,1515.0,1276.0,2022.0,2076.0
365.0,544.0,799.0,1186.0,2347.0,1095.0,2782.0,1426.0,2252.0,412.0,1286.0,31342.0,935.0,1604.0,644.0,607.0,218.0,1190.0,299.0,896.0,832.0,1520.0,448.0,530.0,442.0,392.0,1946.0,987.0,728.0,617.0,1000.0,1013.0
384.0,599.0,821.0,1176.0,2406.0,1079.0,2793.0,1442.0,2387.0,437.0,1326.0,32684.0,938.0,1692.0,693.0,641.0,229.0,1294.0,347.0,897.0,880.0,1601.0,434.0,569.0,471.0,427.0,2107.0,1083.0,787.0,659.0,1022.0,1063.0
750.0,1176.0,1656.0,2496.0,5072.0,2224.0,5813.0,2879.0,4863.0,855.0,2720.0,66714.0,1848.0,3506.0,1432.0,1328.0,468.0,2621.0,624.0,1922.0,1764.0,3216.0,995.0,1079.0,923.0,824.0,4198.0,2202.0,1627.0,1352.0,2165.0,2116.0
367.0,591.0,789.0,1228.0,2434.0,1061.0,2879.0,1394.0,2361.0,406.0,1361.0,32622.0,903.0,1722.0,669.0,630.0,236.0,1317.0,287.0,935.0,847.0,1628.0,513.0,522.0,473.0,401.0,2057.0,1079.0,780.0,668.0,1058.0,1026.0
383.0,585.0,867.0,1268.0,2638.0,1163.0,2934.0,1485.0,2502.0,449.0,1359.0,34092.0,945.0,1784.0,763.0,698.0,232.0,1304.0,337.0,987.0,917.0,1588.0,482.0,557.0,450.0,423.0,2141.0,1123.0,847.0,684.0,1107.0,1090.0
889.0,1162.0,1663.0,2564.0,5342.0,2212.0,5912.0,2974.0,5053.0,893.0,2659.0,69001.0,1957.0,3655.0,1467.0,1409.0,493.0,2603.0,676.0,1950.0,1798.0,3439.0,968.0,1238.0,1011.0,934.0,4394.0,2236.0,1689.0,1331.0,2233.0,2197.0
455.0,555.0,805.0,1195.0,2605.0,1075.0,2891.0,1469.0,2476.0,433.0,1291.0,33572.0,946.0,1776.0,756.0,696.0,239.0,1271.0,345.0,936.0,874.0,1665.0,458.0,618.0,504.0,426.0,2092.0,1088.0,841.0,677.0,1069.0,1045.0
434.0,607.0,858.0,1369.0,2737.0,1137.0,3021.0,1505.0,2577.0,460.0,1368.0,35429.0,1011.0,1879.0,711.0,713.0,254.0,1332.0,331.0,1014.0,924.0,1774.0,510.0,620.0,507.0,508.0,2302.0,1148.0,848.0,654.0,1164.0,1152.0
819.0,1217.0,1670.0,2516.0,5410.0,2319.0,6086.0,2985.0,5360.0,923.0,2915.0,70733.0,1876.0,3699.0,1483.0,1446.0,509.0,2770.0,661.0,2059.0,1792.0,3593.0,991.0,1216.0,982.0,942.0,4503.0,2314.0,1736.0,1412.0,2292.0,2237.0
404.0,615.0,801.0,1246.0,2625.0,1095.0,2991.0,1468.0,2608.0,480.0,1408.0,34437.0,919.0,1773.0,702.0,723.0,255.0,1362.0,313.0,1011.0,861.0,1712.0,476.0,578.0,470.0,461.0,2183.0,1156.0,820.0,712.0,1104.0,1105.0
415.0,602.0,869.0,1270.0,2785.0,1224.0,3095.0,1517.0,2752.0,443.0,1507.0,36296.0,957.0,1926.0,781.0,723.0,254.0,1408.0,348.0,1048.0,931.0,1881.0,515.0,638.0,512.0,481.0,2320.0,1158.0,916.0,700.0,1188.0,1132.0
882.0,1289.0,1806.0,2617.0,5501.0,2391.0,5970.0,3004.0,5400.0,942.0,2890.0,72196.0,2071.0,3832.0,1529.0,1435.0,542.0,2825.0,746.0,2124.0,1886.0,3637.0,990.0,1210.0,1029.0,960.0,4522.0,2267.0,1727.0,1454.0,2354.0,2364.0
435.0,602.0,873.0,1271.0,2699.0,1169.0,2930.0,1550.0,2625.0,465.0,1345.0,35227.0,1000.0,1893.0,773.0,655.0,258.0,1363.0,356.0,1061.0,908.0,1832.0,457.0,600.0,483.0,448.0,2224.0,1140.0,826.0,706.0,1119.0,1161.0
447.0,687.0,933.0,1346.0,2802.0,1222.0,3040.0,1454.0,2775.0,477.0,1545.0,36969.0,1071.0,1939.0,756.0,780.0,284.0,1462.0,390.0,1063.0,978.0,1805.0,533.0,610.0,546.0,512.0,2298.0,1127.0,901.0,748.0,1235.0,1203.0
921.0,1312.0,1874.0,2580.0,5652.0,2510.0,6174.0,3035.0,5674.0,888.0,2974.0,74101.0,2066.0,3875.0,1618.0,1562.0,502.0,2868.0,728.0,2125.0,1907.0,3756.0,1034.0,1293.0,1008.0,1018.0,4797.0,2475.0,1775.0,1405.0,2373.0,2322.0
446.0,661.0,960.0,1285.0,2831.0,1233.0,3027.0,1449.0,2736.0,438.0,1418.0,36066.0,1023.0,1890.0,771.0,769.0,257.0,1392.0,361.0,1029.0,939.0,1800.0,490.0,650.0,484.0,465.0,2270.0,1185.0,871.0,690.0,1107.0,1139.0
475.0,651.0,914.0,1295.0,2821.0,1277.0,3147.0,1586.0,2938.0,450.0,1556.0,38035.0,1043.0,1985.0,847.0,793.0,245.0,1476.0,367.0,1096.0,968.0,1956.0,544.0,643.0,524.0,553.0,2527.0,1290.0,904.0,715.0,1266.0,1183.0
964.0,1328.0,1821.0,2695.0,5852.0,2584.0,6056.0,3020.0,5467.0,971.0,2978.0,75159.0,2116.0,4081.0,1609.0,1553.0,531.0,2979.0,734.0,2186.0,1975.0,3898.0,1007.0,1267.0,1058.0,956.0,4732.0,2431.0,1877.0,1484.0,2410.0,2539.0
450.0,624.0,913.0,1302.0,2873.0,1254.0,3003.0,1484.0,2660.0,480.0,1487.0,36863.0,1074.0,1954.0,809.0,729.0,265.0,1487.0,343.0,1066.0,960.0,1920.0,502.0,608.0,505.0,459.0,2350.0,1163.0,943.0,714.0,1190.0,1292.0
514.0,704.0,908.0,1393.0,2979.0,1330.0,3053.0,1536.0,2807.0,491.0,1491.0,38296.0,1042.0,2127.0,800.0,824.0,266.0,1492.0,391.0,1120.0,1015.0,1978.0,505.0,659.0,553.0,497.0,2382.0,1268.0,934.0,770.0,1220.0,1247.0
908.0,1317.0,1983.0,2690.0,5901.0,2624.0,6284.0,2991.0,5792.0,881.0,2943.0,76254.0,2255.0,4041.0,1600.0,1625.0,532.0,2883.0,731.0,2211.0,1962.0,3876.0,1057.0,1300.0,1047.0,1027.0,4855.0,2571.0,1933.0,1466.0,2443.0,2525.0
467.0,672.0,999.0,1334.0,2829.0,1292.0,3048.0,1430.0,2779.0,438.0,1413.0,37297.0,1090.0,1984.0,775.0,807.0,276.0,1362.0,350.0,1113.0,962.0,1912.0,525.0,619.0,539.0,506.0,2396.0,1225.0,949.0,714.0,1228.0,1264.0
441.0,645.0,984.0,1356.0,3072.0,1332.0,3236.0,1561.0,3013.0,443.0,1530.0,38957.0,1165.0,2057.0,825.0,818.0,256.0,1521.0,381.0,1098.0,1000.0,1964.0,532.0,681.0,508.0,521.0,2459.0,1346.0,984.0,752.0,1215.0,1261.0
943.0,1343.0,1874.0,2594.0,5833.0,2632.0,6039.0,2976.0,5485.0,979.0,3039.0,75256.0,2194.0,3967.0,1612.0,1533.0,497.0,2951.0,763.0,2303.0,1888.0,3785.0,1050.0,1356.0,1037.0,983.0,4677.0,2502.0,1927.0,1426.0,2621.0,2447.0
459.0,634.0,914.0,1302.0,2897.0,1255.0,2975.0,1432.0,2655.0,468.0,1471.0,36782.0,1087.0,1909.0,769.0,745.0,238.0,1435.0,378.0,1113.0,919.0,1888.0,532.0,662.0,488.0,503.0,2304.0,1246.0,985.0,683.0,1283.0,1153.0
484.0,709.0,960.0,1292.0,2936.0,1377.0,3064.0,1544.0,2830.0,511.0,1568.0,38474.0,1107.0,2058.0,843.0,788.0,259.0,1516.0,385.0,1190.0,969.0,1897.0,518.0,694.0,549.0,480.0,2373.0,1256.0,942.0,743.0,1338.0,1294.0
951.0,1262.0,1848.0,2541.0,5634.0,2610.0,5748.0,2917.0,5298.0,881.0,3044.0,73432.0,2200.0,3944.0,1547.0,1553.0,495.0,2898.0,724.0,2161.0,1916.0,3694.0,1024.0,1276.0,996.0,992.0,4581.0,2522.0,1856.0,1422.0,2413.0,2484.0
465.0,621.0,894.0,1270.0,2779.0,1281.0,2942.0,1464.0,2584.0,425.0,1506.0,36080.0,1098.0,1907.0,692.0,763.0,230.0,1445.0,352.0,1072.0,942.0,1853.0,462.0,589.0,473.0,467.0,2222.0,1259.0,896.0,689.0,1200.0,1238.0
486.0,641.0,954.0,1271.0,2855.0,1329.0,2806.0,1453.0,2714.0,456.0,1538.0,37352.0,1102.0,2037.0,855.0,790.0,265.0,1453.0,372.0,1089.0,974.0,1841.0,562.0,687.0,523.0,525.0,2359.0,1263.0,960.0,733.0,1213.0,1246.0
843.0,1271.0,1888.0,2551.0,5424.0,2473.0,5442.0,2775.0,4948.0,877.0,2775.0,70440.0,2128.0,3750.0,1588.0,1474.0,528.0,2744.0,742.0,2140.0,1840.0,3500.0,961.0,1252.0,1002.0,954.0,4273.0,2428.0,1826.0,1362.0,2361.0,2320.0
411.0,643.0,907.0,1228.0,2629.0,1202.0,2729.0,1383.0,2420.0,433.0,1394.0,34492.0,1036.0,1817.0,760.0,727.0,263.0,1335.0,358.0,1030.0,911.0,1729.0,487.0,597.0,491.0,442.0,2126.0,1178.0,872.0,659.0,1170.0,1125.0
432.0,628.0,981.0,1323.0,2795.0,1271.0,2713.0,1392.0,2528.0,444.0,1381.0,35948.0,1092.0,1933.0,828.0,747.0,265.0,1409.0,384.0,1110.0,929.0,1771.0,474.0,655.0,511.0,512.0,2147.0,1250.0,954.0,703.0,1191.0,1195.0
873.0,1161.0,1850.0,2421.0,5171.0,2441.0,5408.0,2733.0,4531.0,862.0,2963.0,67814.0,2007.0,3516.0,1456.0,1313.0,494.0,2727.0,667.0,2071.0,1878.0,3275.0,911.0,1166.0,1014.0,916.0,4082.0,2312.0,1811.0,1348.0,2305.0,2131.0
442.0,550.0,947.0,1202.0,2562.0,1149.0,2658.0,1352.0,2238.0,443.0,1444.0,33168.0,1019.0,1713.0,673.0,633.0,229.0,1291.0,327.0,1019.0,933.0,1570.0,449.0,566.0,511.0,455.0,1978.0,1152.0,866.0,635.0,1108.0,1054.0
431.0,611.0,903.0,1219.0,2609.0,1292.0,2750.0,1381.0,2293.0,419.0,1519.0,34646.0,988.0,1803.0,783.0,680.0,265.0,1436.0,340.0,1052.0,945.0,1705.0,462.0,600.0,503.0,461.0,2104.0,1160.0,945.0,713.0,1197.0,1077.0
877.0,1186.0,1844.0,2447.0,5105.0,2366.0,5640.0,2772.0,4566.0,854.0,2786.0,68026.0,2103.0,3618.0,1465.0,1421.0,496.0,2615.0,645.0,2041.0,1831.0,3195.0,976.0,1162.0,963.0,933.0,4112.0,2456.0,1725.0,1328.0,2266.0,2232.0
414.0,590.0,890.0,1222.0,2431.0,1130.0,2734.0,1398.0,2195.0,416.0,1329.0,33045.0,1046.0,1734.0,739.0,718.0,226.0,1224.0,314.0,1009.0,885.0,1582.0,480.0,524.0,482.0,452.0,2034.0,1216.0,862.0,643.0,1062.0,1064.0
463.0,596.0,954.0,1225.0,2674.0,1236.0,2906.0,1374.0,2371.0,438.0,1457.0,34981.0,1057.0,1884.0,726.0,703.0,270.0,1391.0,331.0,1032.0,946.0,1613.0,496.0,638.0,481.0,481.0,2078.0,1240.0,863.0,685.0,1204.0,1168.0
903.0,1107.0,1690.0,2648.0,4786.0,2285.0,6434.0,2938.0,4473.0,1033.0,2546.0,66752.0,1928.0,3596.0,1414.0,1299.0,449.0,2701.0,609.0,1952.0,1749.0,3089.0,799.0,1221.0,899.0,897.0,3971.0,2135.0,1699.0,1264.0,2226.0,2012.0
466.0,533.0,830.0,1288.0,2343.0,1110.0,3291.0,1511.0,2252.0,521.0,1214.0,32852.0,943.0,1708.0,699.0,634.0,220.0,1305.0,272.0,953.0,876.0,1496.0,395.0,584.0,412.0,462.0,1949.0,1046.0,817.0,623.0,1084.0,1015.0
437.0,574.0,860.0,1360.0,2443.0,1175.0,3143.0,1427.0,2221.0,512.0,1332.0,33900.0,985.0,1888.0,715.0,665.0,229.0,1396.0,337.0,999.0,873.0,1593.0,404.0,637.0,487.0,435.0,2022.0,1089.0,882.0,641.0,1142.0,997.0
827.0,915.0,1650.0,3405.0,4230.0,1813.0,7345.0,3236.0,4358.0,1764.0,2251.0,64596.0,1678.0,3490.0,1125.0,1130.0,329.0,2889.0,563.0,1770.0,1418.0,2892.0,734.0,1018.0,728.0,922.0,3952.0,1776.0,1593.0,1117.0,1813.0,1865.0
381.0,436.0,821.0,1731.0,1971.0,883.0,3676.0,1659.0,2191.0,1006.0,1039.0,31729.0,798.0,1746.0,563.0,537.0,167.0,1422.0,276.0,876.0,684.0,1385.0,322.0,473.0,355.0,503.0,1911.0,846.0,767.0,532.0,872.0,900.0
446.0,479.0,829.0,1674.0,2259.0,930.0,3669.0,1577.0,2167.0,758.0,1212.0,32867.0,880.0,1744.0,562.0,593.0,162.0,1467.0,287.0,894.0,734.0,1507.0,412.0,545.0,373.0,419.0,2041.0,930.0,826.0,585.0,941.0,965.0
810.0,843.0,1567.0,3541.0,3787.0,1805.0,8103.0,3277.0,4153.0,2024.0,2052.0,63744.0,1630.0,3333.0,1089.0,1047.0,344.0,2932.0,561.0,1917.0,1310.0,2730.0,653.0,991.0,696.0,877.0,3700.0,1823.0,1564.0,1105.0,1764.0,1716.0
366.0,388.0,739.0,1889.0,1783.0,864.0,4326.0,1742.0,2073.0,1142.0,974.0,31624.0,823.0,1589.0,529.0,510.0,159.0,1504.0,246.0,880.0,658.0,1276.0,304.0,487.0,321.0,450.0,1796.0,853.0,770.0,543.0,832.0,808.0
444.0,455.0,828.0,1652.0,2004.0,941.0,3777.0,1535.0,2080.0,882.0,1078.0,32120.0,807.0,1744.0,560.0,537.0,185.0,1428.0,315.0,1037.0,652.0,1454.0,349.0,504.0,375.0,427.0,1904.0,970.0,794.0,562.0,932.0,908.0
813.0,832.0,1352.0,3518.0,3571.0,1708.0,8140.0,3085.0,3792.0,2084.0,1850.0,60661.0,1518.0,3050.0,1045.0,1025.0,277.0,2657.0,507.0,1711.0,1263.0,2546.0,668.0,882.0,688.0,858.0,3683.0,1755.0,1481.0,1097.0,1582.0,1623.0
381.0,390.0,697.0,1851.0,1700.0,821.0,4237.0,1605.0,1833.0,1161.0,840.0,29890.0,762.0,1463.0,471.0,491.0,131.0,1314.0,233.0,814.0,634.0,1216.0,317.0,416.0,345.0,409.0,1783.0,816.0,709.0,525.0,781.0,744.0
432.0,442.0,655.0,1667.0,1871.0,887.0,3903.0,1480.0,1959.0,923.0,1010.0,30771.0,756.0,1587.0,574.0,534.0,146.0,1343.0,274.0,897.0,629.0,1330.0,351.0,466.0,343.0,449.0,1900.0,939.0,772.0,572.0,801.0,879.0
769.0,855.0,1503.0,3677.0,3552.0,1731.0,9091.0,3242.0,3827.0,1964.0,1776.0,62218.0,1556.0,2890.0,993.0,994.0,322.0,2951.0,516.0,1718.0,1294.0,2430.0,667.0,915.0,665.0,815.0,3724.0,1782.0,1471.0,1103.0,1766.0,1659.0
361.0,414.0,728.0,1835.0,1720.0,861.0,4719.0,1635.0,1844.0,1069.0,848.0,30768.0,766.0,1380.0,438.0,477.0,152.0,1473.0,257.0,866.0,670.0,1116.0,315.0,413.0,318.0,404.0,1851.0,873.0,720.0,568.0,888.0,789.0
408.0,441.0,775.0,1842.0,1832.0,870.0,4372.0,1607.0,1983.0,895.0,928.0,31450.0,790.0,1510.0,555.0,517.0,170.0,1478.0,259.0,852.0,624.0,1314.0,352.0,502.0,347.0,411.0,1873.0,909.0,751.0,535.0,878.0,870.0
720.0,875.0,1281.0,3500.0,3388.0,1571.0,9981.0,3247.0,3733.0,1722.0,1726.0,60922.0,1597.0,2860.0,994.0,961.0,329.0,2597.0,498.0,1579.0,1242.0,2320.0,662.0,894.0,643.0,752.0,3783.0,1696.0,1462.0,1052.0,1722.0,1535.0
344.0,439.0,649.0,1779.0,1603.0,762.0,5142.0,1681.0,1807.0,927.0,819.0,30051.0,763.0,1391.0,471.0,458.0,152.0,1246.0,232.0,767.0,623.0,1063.0,302.0,441.0,307.0,387.0,1884.0,830.0,722.0,468.0,868.0,724.0
376.0,436.0,632.0,1721.0,1785.0,809.0,4839.0,1566.0,1926.0,795.0,907.0,30871.0,834.0,1469.0,523.0,503.0,177.0,1351.0,266.0,812.0,619.0,1257.0,360.0,453.0,336.0,365.0,1899.0,866.0,740.0,584.0,854.0,811.0
669.0,827.0,1255.0,3417.0,3263.0,1557.0,10592.0,3169.0,3592.0,1727.0,1651.0,59598.0,1482.0,2675.0,1036.0,905.0,272.0,2545.0,446.0,1469.0,1159.0,2253.0,664.0,887.0,561.0,737.0,3650.0,1709.0,1349.0,1077.0,1595.0,1408.0
329.0,398.0,606.0,1730.0,1559.0,736.0,5455.0,1661.0,1774.0,872.0,752.0,29364.0,732.0,1335.0,510.0,434.0,125.0,1190.0,207.0,732.0,515.0,1083.0,288.0,450.0,276.0,364.0,1795.0,867.0,638.0,510.0,758.0,683.0
340.0,429.0,649.0,1687.0,1704.0,821.0,5137.0,1508.0,1818.0,855.0,899.0,30234.0,750.0,1340.0,526.0,471.0,147.0,1355.0,239.0,737.0,644.0,1170.0,376.0,437.0,285.0,373.0,1855.0,842.0,711.0,567.0,837.0,725.0
625.0,841.0,1258.0,3512.0,3092.0,1476.0,11301.0,3110.0,3627.0,1651.0,1620.0,59263.0,1480.0,2651.0,1002.0,851.0,286.0,2626.0,441.0,1415.0,1136.0,2042.0,598.0,854.0,612.0,710.0,3634.0,1622.0,1267.0,1041.0,1537.0,1345.0
295.0,403.0,631.0,1733.0,1502.0,719.0,5667.0,1578.0,1796.0,863.0,818.0,29294.0,725.0,1307.0,463.0,414.0,144.0,1280.0,231.0,665.0,538.0,969.0,282.0,430.0,300.0,351.0,1873.0,778.0,613.0,524.0,744.0,658.0
330.0,438.0,627.0,1779.0,1590.0,757.0,5634.0,1532.0,1831.0,788.0,802.0,29969.0,755.0,1344.0,539.0,437.0,142.0,1346.0,210.0,750.0,598.0,1073.0,316.0,424.0,312.0,359.0,1761.0,844.0,654.0,517.0,793.0,687.0
663.0,777.0,1179.0,3390.0,3074.0,1507.0,11664.0,3065.0,3581.0,1522.0,1549.0,58240.0,1368.0,2443.0,966.0,892.0,282.0,2557.0,487.0,1339.0,1128.0,2007.0,615.0,790.0,580.0,629.0,3394.0,1530.0,1264.0,1038.0,1580.0,1380.0
333.0,375.0,593.0,1633.0,1562.0,735.0,5932.0,1528.0,1740.0,751.0,707.0,28864.0,657.0,1208.0,494.0,433.0,126.0,1293.0,237.0,663.0,549.0,999.0,291.0,381.0,264.0,313.0,1681.0,762.0,623.0,511.0,777.0,713.0
330.0,402.0,586.0,1757.0,1512.0,772.0,5732.0,1537.0,1841.0,771.0,842.0,29376.0,711.0,1235.0,472.0,459.0,156.0,1264.0,250.0,676.0,579.0,1008.0,324.0,409.0,316.0,316.0,1713.0,768.0,641.0,527.0,803.0,667.0
658.0,750.0,1180.0,3461.0,3045.0,1442.0,11941.0,2989.0,3641.0,1435.0,1405.0,58690.0,1411.0,2585.0,972.0,897.0,275.0,2467.0,462.0,1462.0,1115.0,2037.0,639.0,822.0,568.0,631.0,3538.0,1547.0,1304.0,1029.0,1582.0,1400.0
309.0,370.0,587.0,1759.0,1519.0,747.0,5976.0,1518.0,1832.0,705.0,733.0,29528.0,698.0,1291.0,502.0,415.0,138.0,1238.0,232.0,765.0,559.0,1045.0,287.0,405.0,293.0,294.0,1793.0,772.0,665.0,524.0,839.0,718.0
349.0,380.0,593.0,1702.0,1526.0,695.0,5965.0,1471.0,1809.0,730.0,672.0,29162.0,713.0,1294.0,470.0,482.0,137.0,1229.0,230.0,697.0,556.0,992.0,352.0,417.0,275.0,337.0,1745.0,775.0,639.0,505.0,743.0,682.0
633.0,752.0,1187.0,3461.0,3066.0,1475.0,12020.0,2869.0,3597.0,1458.0,1554.0,58690.0,1345.0,2558.0,1016.0,871.0,291.0,2373.0,442.0,1498.0,1180.0,2096.0,588.0,829.0,580.0,615.0,3546.0,1576.0,1262.0,972.0,1537.0,1443.0
329.0,363.0,607.0,1749.0,1552.0,761.0,6089.0,1457.0,1825.0,754.0,770.0,29788.0,679.0,1332.0,536.0,430.0,148.0,1220.0,218.0,759.0,582.0,1075.0,279.0,425.0,283.0,305.0,1805.0,767.0,655.0,501.0,797.0,736.0
304.0,389.0,580.0,1712.0,1514.0,714.0,5931.0,1412.0,1772.0,704.0,784.0,28902.0,666.0,1226.0,480.0,441.0,143.0,1153.0,224.0,739.0,598.0,1021.0,309.0,404.0,297.0,310.0,1741.0,809.0,607.0,471.0,740.0,707.0
713.0,791.0,1188.0,3467.0,3242.0,1536.0,12132.0,2897.0,3797.0,1468.0,1712.0,60925.0,1443.0,2715.0,1089.0,901.0,301.0,2490.0,461.0,1505.0,1257.0,2169.0,674.0,842.0,629.0,707.0,3636.0,1620.0,1320.0,1095.0,1629.0,1499.0
360.0,401.0,583.0,1750.0,1639.0,782.0,6030.0,1466.0,1973.0,731.0,865.0,30936.0,737.0,1386.0,559.0,453.0,145.0,1260.0,256.0,797.0,658.0,1078.0,344.0,431.0,315.0,380.0,1850.0,797.0,698.0,540.0,869.0,803.0
353.0,390.0,605.0,1717.0,1603.0,754.0,6102.0,1431.0,1824.0,737.0,847.0,29989.0,706.0,1329.0,530.0,448.0,156.0,1230.0,205.0,708.0,599.0,1091.0,330.0,411.0,314.0,327.0,1786.0,823.0,622.0,555.0,760.0,696.0
705.0,841.0,1209.0,3437.0,3545.0,1694.0,12341.0,3112.0,3976.0,1402.0,1803.0,63699.0,1591.0,2860.0,1065.0,987.0,336.0,2515.0,550.0,1570.0,1353.0,2353.0,732.0,940.0,675.0,668.0,3821.0,1744.0,1434.0,1098.0,1817.0,1525.0
338.0,425.0,627.0,1734.0,1873.0,906.0,6178.0,1601.0,2088.0,725.0,990.0,32841.0,799.0,1488.0,552.0,517.0,172.0,1265.0,287.0,801.0,696.0,1256.0,350.0,493.0,360.0,334.0,2002.0,917.0,715.0,575.0,940.0,837.0
367.0,416.0,582.0,1703.0,1672.0,788.0,6163.0,1511.0,1888.0,677.0,813.0,30858.0,792.0,1372.0,513.0,470.0,164.0,1250.0,263.0,769.0,657.0,1097.0,382.0,447.0,315.0,334.0,1819.0,827.0,719.0,523.0,877.0,688.0
739.0,907.0,1331.0,3581.0,3695.0,1723.0,12366.0,3065.0,4241.0,1464.0,1930.0,65947.0,1585.0,2990.0,1213.0,1021.0,366.0,2522.0,484.0,1676.0,1456.0,2583.0,738.0,925.0,728.0,695.0,3963.0,1775.0,1461.0,1192.0,1859.0,1673.0
390.0,457.0,708.0,1814.0,1970.0,892.0,6079.0,1555.0,2180.0,705.0,972.0,33710.0,813.0,1594.0,614.0,512.0,211.0,1317.0,252.0,880.0,737.0,1331.0,383.0,482.0,385.0,361.0,2065.0,908.0,749.0,590.0,914.0,890.0
349.0,450.0,623.0,1767.0,1725.0,831.0,6287.0,1510.0,2061.0,759.0,958.0,32237.0,772.0,1396.0,599.0,509.0,155.0,1205.0,232.0,796.0,719.0,1252.0,355.0,443.0,343.0,334.0,1898.0,867.0,712.0,602.0,945.0,783.0
746.0,996.0,1330.0,3564.0,3841.0,1863.0,12044.0,3165.0,4328.0,1354.0,1954.0,66795.0,1697.0,3013.0,1150.0,1089.0,380.0,2672.0,538.0,1655.0,1430.0,2681.0,713.0,923.0,736.0,742.0,4048.0,1814.0,1550.0,1195.0,1882.0,1702.0
384.0,530.0,688.0,1837.0,2050.0,936.0,5964.0,1649.0,2240.0,699.0,1047.0,34382.0,843.0,1551.0,572.0,530.0,217.0,1356.0,271.0,873.0,763.0,1427.0,372.0,476.0,355.0,381.0,2161.0,947.0,779.0,633.0,976.0,875.0
362.0,466.0,642.0,1727.0,1791.0,927.0,6080.0,1516.0,2088.0,655.0,907.0,32413.0,854.0,1462.0,578.0,559.0,163.0,1316.0,267.0,782.0,667.0,1254.0,341.0,447.0,381.0,361.0,1887.0,867.0,771.0,562.0,906.0,827.0
750.0,955.0,1338.0,3338.0,3933.0,1829.0,11434.0,3023.0,4596.0,1222.0,2096.0,66377.0,1674.0,3187.0,1131.0,1121.0,379.0,2623.0,549.0,1736.0,1519.0,2655.0,701.0,934.0,732.0,753.0,4079.0,1829.0,1462.0,1189.0,1830.0,1780.0
384.0,489.0,695.0,1705.0,2023.0,961.0,5700.0,1581.0,2439.0,628.0,1100.0,34489.0,919.0,1665.0,568.0,583.0,206.0,1313.0,288.0,922.0,758.0,1402.0,401.0,490.0,373.0,432.0,2184.0,945.0,776.0,607.0,1009.0,943.0
366.0,466.0,643.0,1633.0,1910.0,868.0,5734.0,1442.0,2157.0,594.0,996.0,31888.0,755.0,1522.0,563.0,538.0,173.0,1310.0,261.0,814.0,761.0,1253.0,300.0,444.0,359.0,321.0,1895.0,884.0,686.0,582.0,821.0,837.0
774.0,988.0,1455.0,3410.0,4254.0,2023.0,11048.0,3044.0,4787.0,1332.0,2233.0,69405.0,1724.0,3343.0,1230.0,1179.0,409.0,2738.0,628.0,1831.0,1634.0,2906.0,839.0,1035.0,782.0,786.0,4370.0,1963.0,1557.0,1238.0,2019.0,1846.0
414.0,513.0,741.0,1774.0,2216.0,1077.0,5545.0,1556.0,2599.0,721.0,1177.0,36284.0,907.0,1780.0,636.0,631.0,217.0,1424.0,337.0,941.0,856.0,1556.0,417.0,532.0,399.0,416.0,2330.0,1024.0,846.0,663.0,1058.0,981.0
360.0,475.0,714.0,1636.0,2038.0,946.0,5503.0,1488.0,2188.0,611.0,1056.0,33121.0,817.0,1563.0,594.0,548.0,192.0,1314.0,291.0,890.0,778.0,1350.0,422.0,503.0,383.0,370.0,2040.0,939.0,711.0,575.0,961.0,865.0
833.0,1079.0,1516.0,3467.0,4611.0,2016.0,10932.0,3054.0,5012.0,1277.0,2431.0,72635.0,1862.0,3586.0,1375.0,1353.0,443.0,2872.0,613.0,1912.0,1692.0,3156.0,850.0,1074.0,896.0,840.0,4463.0,2157.0,1745.0,1397.0,2138.0,1983.0
446.0,560.0,787.0,1780.0,2430.0,1057.0,5444.0,1548.0,2691.0,667.0,1292.0,37940.0,1002.0,1864.0,741.0,698.0,227.0,1468.0,317.0,1044.0,871.0,1652.0,444.0,528.0,476.0,441.0,2409.0,1175.0,938.0,731.0,1152.0,1060.0
387.0,519.0,729.0,1687.0,2181.0,959.0,5488.0,1506.0,2321.0,610.0,1139.0,34695.0,860.0,1722.0,634.0,655.0,216.0,1404.0,296.0,868.0,821.0,1504.0,406.0,546.0,420.0,399.0,2054.0,982.0,807.0,666.0,986.0,923.0
835.0,1151.0,1593.0,3461.0,4782.0,2112.0,10619.0,3188.0,5327.0,1332.0,2494.0,74858.0,2024.0,3748.0,1342.0,1384.0,451.0,3012.0,678.0,1980.0,1780.0,3249.0,894.0,1102.0,924.0,935.0,4843.0,2146.0,1737.0,1502.0,2131.0,2102.0
438.0,602.0,828.0,1760.0,2584.0,1107.0,5218.0,1677.0,2843.0,707.0,1301.0,39030.0,1032.0,2015.0,717.0,717.0,240.0,1593.0,347.0,1034.0,909.0,1723.0,473.0,581.0,459.0,491.0,2539.0,1135.0,905.0,780.0,1122.0,1153.0
397.0,549.0,765.0,1701.0,2198.0,1005.0,5401.0,1511.0,2484.0,625.0,1193.0,35828.0,992.0,1733.0,625.0,667.0,211.0,1419.0,331.0,946.0,871.0,1526.0,421.0,521.0,465.0,444.0,2304.0,1011.0,832.0,722.0,1009.0,949.0
908.0,1182.0,1711.0,3631.0,4966.0,2106.0,10110.0,3237.0,5336.0,1307.0,2597.0,75620.0,2070.0,3846.0,1365.0,1441.0,445.0,3023.0,620.0,1922.0,1872.0,3332.0,924.0,1161.0,949.0,938.0,4868.0,2159.0,1712.0,1438.0,2177.0,2267.0
457.0,604.0,923.0,1872.0,2611.0,1115.0,4902.0,1694.0,2808.0,657.0,1354.0,39193.0,1122.0,2009.0,708.0,737.0,234.0,1555.0,345.0,1044.0,973.0,1731.0,452.0,598.0,518.0,515.0,2541.0,1140.0,889.0,719.0,1175.0,1191.0
451.0,578.0,788.0,1759.0,2355.0,991.0,5208.0,1543.0,2528.0,650.0,1243.0,36427.0,948.0,1837.0,657.0,704.0,211.0,1468.0,275.0,878.0,899.0,1601.0,472.0,563.0,431.0,423.0,2327.0,1019.0,823.0,719.0,1002.0,1076.0
948.0,1267.0,1818.0,3465.0,5184.0,2155.0,10136.0,3445.0,5608.0,1331.0,2751.0,78415.0,2253.0,4003.0,1486.0,1538.0,483.0,3115.0,711.0,2091.0,1855.0,3457.0,956.0,1175.0,1005.0,1016.0,4929.0,2318.0,1805.0,1451.0,2306.0,2354.0
483.0,684.0,955.0,1737.0,2723.0,1119.0,5053.0,1801.0,2926.0,707.0,1485.0,40902.0,1220.0,2114.0,803.0,820.0,252.0,1594.0,378.0,1127.0,963.0,1852.0,490.0,611.0,513.0,523.0,2511.0,1194.0,954.0,794.0,1239.0,1277.0
465.0,583.0,863.0,1728.0,2461.0,1036.0,5083.0,1644.0,2682.0,624.0,1266.0,37513.0,1033.0,1889.0,683.0,718.0,231.0,1521.0,333.0,964.0,892.0,1605.0,466.0,564.0,492.0,493.0,2418.0,1124.0,851.0,657.0,1067.0,1077.0
1006.0,1297.0,1774.0,3579.0,5638.0,2358.0,9898.0,3545.0,5927.0,1391.0,2941.0,81341.0,2251.0,4331.0,1588.0,1601.0,495.0,3230.0,725.0,2093.0,1992.0,3610.0,1043.0,1249.0,979.0,1023.0,5217.0,2436.0,1828.0,1515.0,2308.0,2473.0
553.0,656.0,945.0,1858.0,3007.0,1237.0,4939.0,1878.0,3147.0,747.0,1534.0,42592.0,1229.0,2246.0,832.0,839.0,253.0,1690.0,388.0,1092.0,1033.0,1858.0,543.0,668.0,509.0,514.0,2797.0,1300.0,977.0,757.0,1230.0,1336.0
453.0,641.0,829.0,1721.0,2631.0,1121.0,4959.0,1667.0,2780.0,644.0,1407.0,38749.0,1022.0,2085.0,756.0,762.0,242.0,1540.0,337.0,1001.0,959.0,1752.0,500.0,581.0,470.0,509.0,2420.0,1136.0,851.0,758.0,1078.0,1137.0
981.0,1263.0,1906.0,3629.0,5802.0,2442.0,9770.0,3646.0,6104.0,1394.0,3095.0,83444.0,2351.0,4366.0,1586.0,1561.0,516.0,3294.0,805.0,2289.0,2069.0,3714.0,995.0,1397.0,1045.0,1029.0,5397.0,2523.0,1876.0,1504.0,2519.0,2576.0
487.0,630.0,999.0,1879.0,3058.0,1293.0,4809.0,1910.0,3131.0,687.0,1652.0,43143.0,1239.0,2276.0,776.0,814.0,271.0,1657.0,409.0,1170.0,1126.0,1927.0,518.0,706.0,556.0,538.0,2822.0,1297.0,978.0,781.0,1347.0,1400.0
494.0,633.0,907.0,1750.0,2744.0,1149.0,4961.0,1736.0,2973.0,707.0,1443.0,40301.0,1112.0,2090.0,810.0,747.0,245.0,1637.0,396.0,1119.0,943.0,1787.0,477.0,691.0,489.0,491.0,2575.0,1226.0,898.0,723.0,1172.0,1176.0
1024.0,1332.0,1983.0,3561.0,5991.0,2487.0,9839.0,3739.0,6243.0,1379.0,3183.0,85097.0,2393.0,4450.0,1670.0,1629.0,540.0,3345.0,777.0,2310.0,2069.0,3818.0,1072.0,1318.0,1100.0,1055.0,5402.0,2580.0,1999.0,1561.0,2613.0,2635.0
537.0,702.0,1057.0,1834.0,3058.0,1319.0,4926.0,1944.0,3200.0,680.0,1596.0,43696.0,1252.0,2267.0,883.0,830.0,264.0,1699.0,367.0,1210.0,1119.0,1968.0,523.0,690.0,554.0,546.0,2792.0,1333.0,1039.0,802.0,1320.0,1385.0
487.0,630.0,926.0,1727.0,2933.0,1168.0,4913.0,1795.0,3043.0,699.0,1587.0,41401.0,1141.0,2183.0,787.0,799.0,276.0,1646.0,410.0,1100.0,950.0,1850.0,549.0,628.0,546.0,509.0,2610.0,1247.0,960.0,759.0,1293.0,1250.0
1045.0,1280.0,2029.0,3435.0,6116.0,2512.0,9325.0,3690.0,6350.0,1415.0,3155.0,84981.0,2507.0,4410.0,1615.0,1635.0,538.0,3288.0,822.0,2322.0,2021.0,3899.0,976.0,1333.0,1079.0,1089.0,5428.0,2581.0,2094.0,1539.0,2709.0,2744.0
517.0,656.0,1060.0,1688.0,3210.0,1288.0,4621.0,1878.0,3281.0,723.0,1597.0,43337.0,1259.0,2218.0,824.0,822.0,289.0,1675.0,438.0,1189.0,1014.0,1996.0,490.0,708.0,541.0,548.0,2802.0,1327.0,1072.0,761.0,1407.0,1438.0
528.0,624.0,969.0,1747.0,2906.0,1224.0,4704.0,1812.0,3069.0,692.0,1558.0,41644.0,1248.0,2192.0,791.0,813.0,249.0,1613.0,384.0,1133.0,1007.0,1903.0,486.0,625.0,538.0,541.0,2626.0,1254.0,1022.0,778.0,1302.0,1306.0
950.0,1243.0,1881.0,3287.0,5909.0,2427.0,8851.0,3477.0,6013.0,1266.0,3028.0,80683.0,2387.0,4235.0,1612.0,1460.0,526.0,3152.0,744.0,2096.0,1919.0,3773.0,985.0,1236.0,1007.0,1039.0,5275.0,2485.0,1983.0,1462.0,2445.0,2530.0
463.0,611.0,989.0,1649.0,3056.0,1241.0,4393.0,1812.0,3065.0,621.0,1559.0,41408.0,1242.0,2155.0,813.0,733.0,280.0,1609.0,360.0,1125.0,1000.0,2000.0,508.0,664.0,535.0,557.0,2720.0,1250.0,975.0,789.0,1326.0,1308.0
487.0,632.0,892.0,1638.0,2853.0,1186.0,4458.0,1665.0,2948.0,645.0,1469.0,39275.0,1145.0,2080.0,799.0,727.0,246.0,1543.0,384.0,971.0,919.0,1773.0,477.0,572.0,472.0,482.0,2555.0,1235.0,1008.0,673.0,1119.0,1222.0
907.0,1216.0,1871.0,3103.0,5667.0,2426.0,8370.0,3246.0,5683.0,1213.0,3027.0,77319.0,2349.0,3988.0,1597.0,1467.0,518.0,3054.0,674.0,2109.0,1911.0,3614.0,938.0,1240.0,981.0,981.0,4623.0,2382.0,1940.0,1394.0,2315.0,2515.0
459.0,630.0,987.0,1568.0,2889.0,1245.0,4160.0,1680.0,2976.0,600.0,1578.0,39379.0,1170.0,2017.0,797.0,755.0,254.0,1551.0,340.0,1107.0,956.0,1866.0,473.0,623.0,503.0,475.0,2293.0,1210.0,1010.0,715.0,1201.0,1291.0
448.0,586.0,884.0,1535.0,2778.0,1181.0,4210.0,1566.0,2707.0,613.0,1449.0,37940.0,1179.0,1971.0,800.0,712.0,264.0,1503.0,334.0,1002.0,955.0,1748.0,465.0,617.0,478.0,506.0,2330.0,1172.0,930.0,679.0,1114.0,1224.0
945.0,1125.0,1876.0,3078.0,5719.0,2428.0,7914.0,3052.0,5650.0,1215.0,3038.0,76216.0,2264.0,3966.0,1551.0,1422.0,506.0,3059.0,756.0,2031.0,1877.0,3524.0,969.0,1219.0,951.0,1000.0,4504.0,2443.0,1919.0,1377.0,2421.0,2417.0
498.0,587.0,940.0,1583.0,2853.0,1235.0,3898.0,1609.0,2862.0,631.0,1576.0,38506.0,1117.0,2007.0,781.0,701.0,239.0,1493.0,391.0,1063.0,946.0,1805.0,477.0,596.0,470.0,508.0,2282.0,1206.0,998.0,676.0,1255.0,1223.0
447.0,538.0,936.0,1495.0,2866.0,1193.0,4016.0,1443.0,2788.0,584.0,1462.0,37710.0,1147.0,1959.0,770.0,721.0,267.0,1566.0,365.0,968.0,931.0,1719.0,492.0,623.0,481.0,492.0,2222.0,1237.0,921.0,701.0,1166.0,1194.0
949.0,1152.0,1952.0,3035.0,5624.0,2428.0,7704.0,3152.0,5452.0,1210.0,2958.0,75416.0,2273.0,3946.0,1620.0,1376.0,490.0,3023.0,667.0,2117.0,1950.0,3594.0,935.0,1241.0,1000.0,975.0,4446.0,2346.0,1799.0,1305.0,2289.0,2408.0
486.0,565.0,1050.0,1515.0,2841.0,1189.0,3846.0,1606.0,2771.0,633.0,1494.0,38127.0,1184.0,1989.0,813.0,711.0,246.0,1482.0,334.0,1062.0,976.0,1824.0,458.0,603.0,519.0,506.0,2301.0,1152.0,921.0,661.0,1152.0,1237.0
463.0,587.0,902.0,1520.0,2783.0,1239.0,3858.0,1546.0,2681.0,577.0,1464.0,37289.0,1089.0,1957.0,807.0,665.0,244.0,1541.0,333.0,1055.0,974.0,1770.0,477.0,638.0,481.0,469.0,2145.0,1194.0,878.0,644.0,1137.0,1171.0
871.0,1158.0,1795.0,2969.0,5651.0,2322.0,7408.0,3137.0,5484.0,1141.0,2896.0,74524.0,2296.0,3857.0,1540.0,1339.0,493.0,2973.0,681.0,2031.0,1864.0,3564.0,942.0,1224.0,1031.0,1023.0,4247.0,2500.0,1830.0,1454.0,2345.0,2458.0
418.0,570.0,913.0,1468.0,2850.0,1203.0,3607.0,1627.0,2769.0,572.0,1484.0,37471.0,1145.0,1924.0,802.0,655.0,249.0,1468.0,326.0,1045.0,945.0,1786.0,487.0,602.0,502.0,515.0,2142.0,1242.0,944.0,742.0,1219.0,1250.0
453.0,588.0,882.0,1501.0,2801.0,1119.0,3801.0,1510.0,2715.0,569.0,1412.0,37053.0,1151.0,1933.0,738.0,684.0,244.0,1505.0,355.0,986.0,919.0,1778.0,455.0,622.0,529.0,508.0,2105.0,1258.0,886.0,712.0,1126.0,1208.0
841.0,1161.0,1920.0,2811.0,5576.0,2354.0,7478.0,3184.0,5310.0,1038.0,2948.0,73617.0,2228.0,3879.0,1561.0,1368.0,499.0,2898.0,626.0,2062.0,1863.0,3426.0,892.0,1204.0,992.0,945.0,4243.0,2392.0,1798.0,1392.0,2313.0,2415.0
430.0,599.0,962.0,1417.0,2756.0,1203.0,3737.0,1623.0,2696.0,555.0,1484.0,37145.0,1090.0,1949.0,765.0,703.0,256.0,1448.0,319.0,1052.0,958.0,1734.0,426.0,608.0,484.0,479.0,2159.0,1225.0,913.0,736.0,1154.0,1225.0
411.0,562.0,958.0,1394.0,2820.0,1151.0,3741.0,1561.0,2614.0,483.0,1464.0,36472.0,1138.0,1930.0,796.0,665.0,243.0,1450.0,307.0,1010.0,905.0,1692.0,466.0,596.0,508.0,466.0,2084.0,1167.0,885.0,656.0,1159.0,1190.0
946.0,1093.0,1923.0,2842.0,5460.0,2397.0,7404.0,3159.0,5147.0,1018.0,2967.0,73731.0,2284.0,3914.0,1614.0,1319.0,492.0,2923.0,688.0,2084.0,1885.0,3450.0,911.0,1184.0,957.0,981.0,4193.0,2505.0,1826.0,1341.0,2413.0,2411.0
493.0,538.0,982.0,1376.0,2769.0,1210.0,3703.0,1604.0,2585.0,529.0,1504.0,37081.0,1184.0,1993.0,798.0,658.0,254.0,1449.0,322.0,1059.0,967.0,1699.0,440.0,573.0,455.0,533.0,2123.0,1263.0,917.0,657.0,1229.0,1215.0
453.0,555.0,941.0,1466.0,2691.0,1187.0,3701.0,1555.0,2562.0,489.0,1463.0,36650.0,1100.0,1921.0,816.0,661.0,238.0,1474.0,366.0,1025.0,918.0,1751.0,471.0,611.0,502.0,448.0,2070.0,1242.0,909.0,684.0,1184.0,1196.0
897.0,1160.0,1979.0,2894.0,5363.0,2389.0,7474.0,3101.0,4904.0,975.0,2826.0,72249.0,2261.0,3778.0,1503.0,1339.0,504.0,2867.0,621.0,2093.0,1893.0,3410.0,879.0,1183.0,990.0,911.0,3895.0,2305.0,1754.0,1329.0,2437.0,2335.0
454.0,556.0,1033.0,1470.0,2655.0,1204.0,3721.0,1607.0,2470.0,506.0,1434.0,36199.0,1097.0,1867.0,777.0,647.0,240.0,1371.0,312.0,1043.0,922.0,1710.0,418.0,589.0,502.0,487.0,1969.0,1174.0,885.0,656.0,1244.0,1179.0
443.0,604.0,946.0,1424.0,2708.0,1185.0,3753.0,1494.0,2434.0,469.0,1392.0,36050.0,1164.0,1911.0,726.0,692.0,264.0,1496.0,309.0,1050.0,971.0,1700.0,461.0,594.0,488.0,424.0,1926.0,1131.0,869.0,673.0,1193.0,1156.0
815.0,1117.0,1827.0,2760.0,5266.0,2301.0,7151.0,2983.0,4566.0,997.0,2845.0,69951.0,2195.0,3539.0,1432.0,1294.0,485.0,2803.0,658.0,2028.0,1888.0,3182.0,832.0,1130.0,956.0,935.0,3834.0,2351.0,1776.0,1321.0,2342.0,2342.0
436.0,580.0,911.0,1388.0,2582.0,1172.0,3584.0,1513.0,2314.0,499.0,1439.0,35025.0,1075.0,1718.0,738.0,634.0,260.0,1390.0,330.0,1003.0,933.0,1595.0,419.0,593.0,461.0,440.0,1940.0,1177.0,909.0,667.0,1160.0,1165.0
379.0,537.0,916.0,1372.0,2684.0,1129.0,3567.0,1470.0,2252.0,498.0,1406.0,34926.0,1120.0,1821.0,694.0,660.0,225.0,1413.0,328.0,1025.0,955.0,1587.0,413.0,537.0,495.0,495.0,1894.0,1174.0,867.0,654.0,1182.0,1177.0
823.0,1110.0,1895.0,2732.0,5071.0,2352.0,7116.0,2933.0,4300.0,918.0,2729.0,68770.0,2306.0,3425.0,1409.0,1268.0,506.0,2795.0,624.0,1965.0,1921.0,3104.0,856.0,1100.0,991.0,942.0,3698.0,2277.0,1707.0,1308.0,2335.0,2254.0
403.0,553.0,976.0,1392.0,2516.0,1157.0,3663.0,1524.0,2147.0,452.0,1369.0,34414.0,1158.0,1676.0,667.0,612.0,259.0,1381.0,305.0,991.0,996.0,1510.0,400.0,545.0,478.0,479.0,1843.0,1129.0,871.0,656.0,1156.0,1150.0
420.0,557.0,919.0,1340.0,2555.0,1195.0,3453.0,1409.0,2153.0,466.0,1360.0,34356.0,1148.0,1749.0,742.0,656.0,247.0,1414.0,319.0,974.0,925.0,1594.0,456.0,555.0,513.0,463.0,1855.0,1148.0,836.0,652.0,1179.0,1104.0
785.0,1044.0,1743.0,2525.0,4833.0,2284.0,6622.0,2826.0,4029.0,903.0,2592.0,64815.0,2167.0,3217.0,1419.0,1162.0,477.0,2491.0,600.0,1878.0,1848.0,2879.0,817.0,1067.0,909.0,862.0,3463.0,2200.0,1696.0,1272.0,2185.0,2020.0
385.0,491.0,870.0,1262.0,2381.0,1143.0,3291.0,1494.0,2016.0,479.0,1284.0,32204.0,1068.0,1606.0,719.0,544.0,234.0,1206.0,304.0,920.0,968.0,1415.0,385.0,521.0,441.0,424.0,1730.0,1064.0,815.0,627.0,1086.0,1031.0
400.0,553.0,873.0,1263.0,2452.0,1141.0,3331.0,1332.0,2013.0,424.0,1308.0,32611.0,1099.0,1611.0,700.0,618.0,243.0,1285.0,296.0,958.0,880.0,1464.0,432.0,546.0,468.0,438.0,1733.0,1136.0,881.0,645.0,1099.0,989.0
805.0,1053.0,1770.0,2606.0,4708.0,2309.0,6752.0,2788.0,3818.0,871.0,2607.0,64218.0,2105.0,3132.0,1330.0,1145.0,490.0,2560.0,602.0,1830.0,1789.0,2846.0,818.0,1101.0,886.0,935.0,3334.0,2253.0,1611.0,1223.0,2165.0,1976.0
382.0,515.0,920.0,1301.0,2383.0,1165.0,3363.0,1497.0,1936.0,453.0,1286.0,32168.0,1053.0,1552.0,671.0,545.0,246.0,1253.0,287.0,919.0,870.0,1399.0,414.0,522.0,441.0,448.0,1685.0,1129.0,805.0,618.0,1107.0,1003.0
423.0,538.0,850.0,1305.0,2325.0,1144.0,3389.0,1291.0,1882.0,418.0,1321.0,32050.0,1052.0,1580.0,659.0,600.0,244.0,1307.0,315.0,911.0,919.0,1447.0,404.0,579.0,445.0,487.0,1649.0,1124.0,806.0,605.0,1058.0,973.0
804.0,1053.0,1758.0,2549.0,4684.0,2208.0,6208.0,2883.0,3660.0,879.0,2540.0,62916.0,2052.0,3042.0,1377.0,1153.0,475.0,2508.0,590.0,1687.0,1841.0,2690.0,776.0,1013.0,965.0,912.0,3254.0,2248.0,1686.0,1199.0,2228.0,1994.0
392.0,511.0,891.0,1271.0,2229.0,1133.0,3133.0,1549.0,1855.0,471.0,1234.0,31563.0,1045.0,1529.0,679.0,548.0,233.0,1210.0,315.0,833.0,938.0,1335.0,402.0,519.0,474.0,461.0,1632.0,1139.0,814.0,608.0,1147.0,1033.0
412.0,542.0,867.0,1278.0,2455.0,1075.0,3075.0,1334.0,1805.0,408.0,1306.0,31353.0,1007.0,1513.0,698.0,605.0,242.0,1298.0,275.0,854.0,903.0,1355.0,374.0,494.0,491.0,451.0,1622.0,1109.0,872.0,591.0,1081.0,961.0
795.0,1038.0,1739.0,2620.0,4709.0,2198.0,6376.0,2691.0,3500.0,883.0,2448.0,61963.0,2138.0,2987.0,1353.0,1093.0,457.0,2445.0,539.0,1752.0,1858.0,2619.0,770.0,1065.0,913.0,888.0,3031.0,2183.0,1649.0,1130.0,2094.0,2002.0
418.0,488.0,911.0,1334.0,2345.0,1136.0,3208.0,1442.0,1805.0,445.0,1210.0,31279.0,1096.0,1483.0,674.0,539.0,233.0,1218.0,256.0,875.0,970.0,1267.0,363.0,530.0,452.0,473.0,1548.0,1053.0,821.0,588.0,1081.0,1017.0
377.0,550.0,828.0,1286.0,2364.0,1062.0,3168.0,1249.0,1695.0,438.0,1238.0,30684.0,1042.0,1504.0,679.0,554.0,224.0,1227.0,283.0,877.0,888.0,1352.0,407.0,535.0,461.0,415.0,1483.0,1130.0,828.0,542.0,1013.0,985.0
740.0,991.0,1648.0,2648.0,4643.0,2226.0,6439.0,2795.0,3445.0,863.0,2506.0,62655.0,2112.0,2934.0,1375.0,1054.0,476.0,2548.0,570.0,1676.0,1894.0,2716.0,798.0,1060.0,887.0,868.0,3246.0,2233.0,1664.0,1231.0,2258.0,2111.0
385.0,476.0,824.0,1366.0,2305.0,1131.0,3273.0,1500.0,1773.0,444.0,1244.0,31764.0,1085.0,1470.0,709.0,532.0,231.0,1295.0,263.0,831.0,948.0,1291.0,408.0,528.0,432.0,448.0,1755.0,1076.0,844.0,646.0,1178.0,1073.0
355.0,515.0,824.0,1282.0,2338.0,1095.0,3166.0,1295.0,1672.0,419.0,1262.0,30891.0,1027.0,1464.0,666.0,522.0,245.0,1253.0,307.0,845.0,946.0,1425.0,390.0,532.0,455.0,420.0,1491.0,1157.0,820.0,585.0,1080.0,1038.0
724.0,964.0,1689.0,2686.0,4406.0,2133.0,6309.0,2756.0,3305.0,767.0,2394.0,60435.0,2053.0,2756.0,1268.0,1070.0,471.0,2428.0,509.0,1636.0,1849.0,2440.0,773.0,1044.0,960.0,944.0,3089.0,2195.0,1628.0,1153.0,2138.0,1898.0
368.0,496.0,848.0,1369.0,2176.0,1055.0,3196.0,1478.0,1705.0,411.0,1193.0,30660.0,1013.0,1407.0,642.0,541.0,241.0,1225.0,232.0,802.0,932.0,1242.0,394.0,500.0,462.0,480.0,1644.0,1114.0,819.0,586.0,1096.0,993.0
356.0,468.0,841.0,1317.0,2230.0,1078.0,3113.0,1278.0,1600.0,356.0,1201.0,29775.0,1040.0,1349.0,626.0,529.0,230.0,1203.0,277.0,834.0,917.0,1198.0,379.0,544.0,498.0,464.0,1445.0,1081.0,809.0,567.0,1042.0,905.0
743.0,995.0,1620.0,2639.0,4275.0,1981.0,6245.0,2784.0,3262.0,775.0,2308.0,59196.0,2054.0,2581.0,1310.0,967.0,426.0,2399.0,535.0,1582.0,1786.0,2346.0,774.0,956.0,897.0,905.0,3057.0,2198.0,1655.0,1167.0,2052.0,1922.0
360.0,480.0,823.0,1354.0,2109.0,1019.0,3205.0,1499.0,1669.0,424.0,1175.0,30000.0,1023.0,1320.0,672.0,466.0,214.0,1223.0,272.0,808.0,881.0,1139.0,401.0,467.0,453.0,454.0,1587.0,1074.0,818.0,574.0,1067.0,970.0
383.0,515.0,797.0,1285.0,2166.0,962.0,3040.0,1285.0,1593.0,351.0,1133.0,29196.0,1031.0,1261.0,638.0,501.0,212.0,1176.0,263.0,774.0,905.0,1207.0,373.0,489.0,444.0,451.0,1470.0,1124.0,837.0,593.0,985.0,952.0
673.0,946.0,1540.0,2604.0,4086.0,2055.0,6026.0,2658.0,3093.0,760.0,2272.0,57518.0,2056.0,2511.0,1237.0,965.0,401.0,2390.0,528.0,1499.0,1772.0,2232.0,752.0,982.0,893.0,862.0,2982.0,2053.0,1579.0,1087.0,2050.0,1974.0
317.0,468.0,757.0,1327.0,1978.0,1092.0,3065.0,1404.0,1591.0,384.0,1111.0,29063.0,1055.0,1235.0,643.0,459.0,188.0,1206.0,259.0,727.0,927.0,1121.0,378.0,519.0,461.0,433.0,1547.0,1055.0,810.0,522.0,1035.0,989.0
356.0,478.0,783.0,1277.0,2108.0,963.0,2961.0,1254.0,1502.0,376.0,1161.0,28455.0,1001.0,1276.0,594.0,506.0,213.0,1184.0,269.0,772.0,845.0,1111.0,374.0,463.0,432.0,429.0,1435.0,998.0,769.0,565.0,1015.0,985.0
684.0,925.0,1493.0,2466.0,4157.0,1941.0,5804.0,2534.0,3027.0,780.0,2317.0,56705.0,1963.0,2494.0,1260.0,1005.0,436.0,2291.0,524.0,1542.0,1735.0,2213.0,767.0,1025.0,910.0,910.0,2980.0,2127.0,1487.0,1065.0,2064.0,1779.0
350.0,461.0,737.0,1310.0,2073.0,996.0,2975.0,1344.0,1600.0,420.0,1175.0,28856.0,990.0,1257.0,661.0,509.0,214.0,1139.0,261.0,788.0,859.0,1085.0,383.0,483.0,437.0,469.0,1542.0,1030.0,757.0,548.0,1085.0,918.0
334.0,464.0,756.0,1156.0,2084.0,945.0,2829.0,1190.0,1427.0,360.0,1142.0,27849.0,973.0,1237.0,599.0,496.0,222.0,1152.0,263.0,754.0,876.0,1128.0,384.0,542.0,473.0,441.0,1438.0,1097.0,730.0,517.0,979.0,861.0
713.0,918.0,1492.0,2364.0,3964.0,1977.0,5647.0,2470.0,2939.0,739.0,2208.0,55015.0,2010.0,2282.0,1283.0,922.0,425.0,2311.0,499.0,1413.0,1825.0,2090.0,753.0,974.0,848.0,944.0,2869.0,1945.0,1495.0,1051.0,1936.0,1709.0
380.0,445.0,738.0,1244.0,1916.0,1033.0,2866.0,1282.0,1540.0,406.0,1086.0,27899.0,974.0,1156.0,638.0,444.0,200.0,1196.0,233.0,706.0,923.0,1065.0,347.0,489.0,439.0,508.0,1559.0,987.0,735.0,517.0,974.0,873.0
333.0,473.0,754.0,1120.0,2048.0,944.0,2781.0,1188.0,1399.0,333.0,1122.0,27116.0,1036.0,1126.0,645.0,478.0,225.0,1115.0,266.0,707.0,902.0,1025.0,406.0,485.0,409.0,436.0,1310.0,958.0,760.0,534.0,962.0,836.0
642.0,826.0,1576.0,2259.0,3746.0,1908.0,5268.0,2369.0,2725.0,708.0,2087.0,52196.0,1972.0,2236.0,1142.0,914.0,439.0,2195.0,463.0,1318.0,1762.0,1959.0,667.0,875.0,851.0,799.0,2761.0,1869.0,1393.0,984.0,1847.0,1636.0
316.0,406.0,794.0,1167.0,1861.0,982.0,2642.0,1260.0,1423.0,380.0,1056.0,26312.0,989.0,1121.0,568.0,432.0,211.0,1046.0,237.0,659.0,872.0,980.0,365.0,443.0,415.0,396.0,1452.0,930.0,694.0,486.0,918.0,811.0
326.0,420.0,782.0,1092.0,1885.0,926.0,2626.0,1109.0,1302.0,328.0,1031.0,25884.0,983.0,1115.0,574.0,482.0,228.0,1149.0,226.0,659.0,890.0,979.0,302.0,432.0,436.0,403.0,1309.0,939.0,699.0,498.0,929.0,825.0
610.0,842.0,1431.0,2216.0,3690.0,1819.0,5080.0,2304.0,2551.0,694.0,2171.0,51236.0,1954.0,2115.0,1151.0,869.0,417.0,2241.0,446.0,1308.0,1808.0,1870.0,715.0,811.0,884.0,839.0,2722.0,1971.0,1335.0,981.0,1789.0,1602.0
323.0,412.0,719.0,1147.0,1828.0,916.0,2624.0,1212.0,1310.0,373.0,1075.0,26109.0,1011.0,1084.0,558.0,419.0,211.0,1109.0,230.0,658.0,934.0,937.0,352.0,405.0,454.0,438.0,1445.0,974.0,692.0,498.0,919.0,842.0
287.0,430.0,712.0,1069.0,1862.0,903.0,2456.0,1092.0,1241.0,321.0,1096.0,25127.0,943.0,1031.0,593.0,450.0,206.0,1132.0,216.0,650.0,874.0,933.0,363.0,406.0,430.0,401.0,1277.0,997.0,643.0,483.0,870.0,760.0
628.0,863.0,1341.0,2125.0,3555.0,1826.0,5001.0,2259.0,2556.0,686.0,2094.0,50083.0,1901.0,2113.0,1054.0,877.0,438.0,2140.0,475.0,1305.0,1709.0,1809.0,688.0,870.0,827.0,843.0,2647.0,1875.0,1331.0,990.0,1745.0,1512.0
306.0,406.0,650.0,1064.0,1718.0,881.0,2545.0,1226.0,1309.0,383.0,1039.0,25183.0,926.0,1040.0,543.0,419.0,222.0,1089.0,261.0,678.0,856.0,916.0,350.0,400.0,404.0,433.0,1450.0,915.0,641.0,488.0,841.0,784.0
322.0,457.0,691.0,1061.0,1837.0,945.0,2456.0,1033.0,1247.0,303.0,1055.0,24900.0,975.0,1073.0,511.0,458.0,216.0,1051.0,214.0,627.0,853.0,893.0,338.0,470.0,423.0,410.0,1197.0,960.0,690.0,502.0,904.0,728.0
569.0,807.0,1351.0,1960.0,3560.0,1775.0,4694.0,2193.0,2390.0,629.0,2059.0,48421.0,1826.0,2033.0,1056.0,793.0,411.0,2142.0,437.0,1263.0,1720.0,1786.0,651.0,849.0,823.0,769.0,2639.0,1834.0,1271.0,936.0,1661.0,1534.0
286.0,424.0,704.0,1045.0,1762.0,881.0,2490.0,1166.0,1300.0,341.0,1025.0,24662.0,890.0,1065.0,492.0,389.0,182.0,1049.0,220.0,605.0,854.0,872.0,293.0,436.0,411.0,406.0,1435.0,886.0,652.0,463.0,844.0,794.0
283.0,383.0,647.0,915.0,1798.0,894.0,2204.0,1027.0,1090.0,288.0,1034.0,23759.0,936.0,968.0,564.0,404.0,229.0,1093.0,217.0,658.0,866.0,914.0,358.0,413.0,412.0,363.0,1204.0,948.0,619.0,473.0,817.0,740.0
562.0,793.0,1361.0,1928.0,3466.0,1816.0,4593.0,2132.0,2312.0,642.0,2018.0,48151.0,1889.0,2126.0,1070.0,781.0,422.0,2041.0,442.0,1236.0,1708.0,1828.0,638.0,795.0,833.0,776.0,2631.0,1804.0,1348.0,931.0,1741.0,1488.0
291.0,374.0,689.0,952.0,1783.0,911.0,2399.0,1158.0,1237.0,329.0,999.0,24524.0,944.0,1098.0,524.0,380.0,228.0,1043.0,213.0,606.0,864.0,946.0,313.0,389.0,414.0,386.0,1403.0,896.0,656.0,474.0,847.0,778.0
271.0,419.0,672.0,976.0,1683.0,905.0,2194.0,974.0,1075.0,313.0,1019.0,23627.0,945.0,1028.0,546.0,401.0,194.0,998.0,229.0,630.0,844.0,882.0,325.0,406.0,419.0,390.0,1228.0,908.0,692.0,457.0,894.0,710.0
565.0,774.0,1285.0,1830.0,3418.0,1711.0,4204.0,2082.0,2290.0,653.0,1851.0,45520.0,1721.0,1861.0,1045.0,749.0,415.0,1929.0,448.0,1169.0,1602.0,1685.0,631.0,736.0,794.0,767.0,2495.0,1738.0,1203.0,859.0,1642.0,1368.0
274.0,393.0,648.0,944.0,1691.0,844.0,2139.0,1112.0,1213.0,366.0,925.0,23018.0,864.0,952.0,495.0,381.0,202.0,931.0,205.0,578.0,799.0,824.0,309.0,399.0,393.0,409.0,1350.0,823.0,585.0,438.0,857.0,675.0
291.0,381.0,637.0,886.0,1727.0,867.0,2065.0,970.0,1077.0,287.0,926.0,22502.0,857.0,909.0,550.0,368.0,213.0,998.0,243.0,591.0,803.0,861.0,322.0,337.0,401.0,358.0,1145.0,915.0,618.0,421.0,785.0,693.0
587.0,722.0,1289.0,1871.0,3437.0,1752.0,4391.0,2076.0,2320.0,678.0,1931.0,45969.0,1762.0,1930.0,1013.0,759.0,403.0,2050.0,433.0,1105.0,1562.0,1624.0,617.0,763.0,758.0,774.0,2570.0,1723.0,1194.0,872.0,1628.0,1375.0
311.0,364.0,616.0,983.0,1724.0,863.0,2244.0,1100.0,1193.0,354.0,941.0,23375.0,928.0,983.0,523.0,377.0,202.0,1007.0,221.0,569.0,771.0,836.0,296.0,354.0,352.0,403.0,1416.0,848.0,616.0,448.0,810.0,722.0
276.0,358.0,673.0,888.0,1713.0,889.0,2147.0,976.0,1127.0,324.0,990.0,22594.0,834.0,947.0,490.0,382.0,201.0,1043.0,212.0,536.0,791.0,788.0,321.0,409.0,406.0,371.0,1154.0,875.0,578.0,424.0,818.0,653.0
522.0,678.0,1230.0,1791.0,3167.0,1640.0,4105.0,1979.0,2171.0,553.0,1763.0,43150.0,1692.0,1711.0,962.0,740.0,370.0,1924.0,433.0,1089.0,1498.0,1492.0,594.0,735.0,756.0,690.0,2475.0,1637.0,1150.0,765.0,1528.0,1310.0
245.0,330.0,626.0,901.0,1560.0,803.0,2175.0,1052.0,1140.0,291.0,900.0,21897.0,811.0,866.0,491.0,369.0,179.0,964.0,189.0,544.0,771.0,766.0,313.0,366.0,361.0,357.0,1327.0,832.0,578.0,374.0,740.0,676.0
277.0,348.0,604.0,890.0,1607.0,837.0,1930.0,927.0,1031.0,262.0,863.0,21253.0,881.0,845.0,471.0,371.0,191.0,960.0,244.0,545.0,727.0,726.0,281.0,369.0,395.0,333.0,1148.0,805.0,572.0,391.0,788.0,634.0
497.0,680.0,1191.0,1722.0,3086.0,1626.0,3905.0,1877.0,1961.0,550.0,1762.0,41685.0,1652.0,1682.0,836.0,658.0,373.0,1849.0,390.0,1030.0,1582.0,1559.0,556.0,710.0,676.0,735.0,2419.0,1531.0,1100.0,735.0,1484.0,1271.0
259.0,340.0,595.0,909.0,1568.0,854.0,2042.0,1016.0,1008.0,302.0,907.0,21236.0,814.0,858.0,426.0,305.0,173.0,941.0,191.0,542.0,777.0,792.0,265.0,353.0,321.0,349.0,1307.0,751.0,553.0,361.0,717.0,640.0
238.0,340.0,596.0,813.0,1518.0,772.0,1863.0,861.0,953.0,248.0,855.0,20449.0,838.0,824.0,410.0,353.0,200.0,908.0,199.0,488.0,805.0,767.0,291.0,357.0,355.0,386.0,1112.0,780.0,547.0,374.0,767.0,631.0
526.0,689.0,1241.0,1718.0,2931.0,1518.0,3853.0,1879.0,2066.0,521.0,1673.0,41124.0,1569.0,1666.0,920.0,611.0,366.0,1810.0,419.0,1050.0,1507.0,1478.0,585.0,697.0,669.0,686.0,2358.0,1530.0,1076.0,741.0,1498.0,1273.0
278.0,326.0,636.0,874.0,1449.0,755.0,2032.0,1076.0,1107.0,297.0,821.0,21159.0,787.0,881.0,449.0,296.0,175.0,924.0,217.0,527.0,762.0,735.0,294.0,376.0,378.0,341.0,1251.0,741.0,571.0,374.0,751.0,678.0
248.0,363.0,605.0,844.0,1482.0,763.0,1821.0,803.0,959.0,224.0,852.0,19965.0,782.0,785.0,471.0,315.0,191.0,886.0,202.0,523.0,745.0,743.0,291.0,321.0,291.0,345.0,1107.0,789.0,505.0,367.0,747.0,595.0
461.0,629.0,1113.0,1601.0,2923.0,1522.0,3788.0,1796.0,1941.0,547.0,1639.0,39255.0,1529.0,1584.0,831.0,558.0,295.0,1722.0,375.0,980.0,1365.0,1460.0,536.0,660.0,617.0,667.0,2139.0,1479.0,1068.0,743.0,1403.0,1284.0
228.0,307.0,571.0,842.0,1491.0,767.0,2057.0,970.0,1053.0,285.0,787.0,20134.0,769.0,811.0,410.0,281.0,140.0,829.0,182.0,518.0,666.0,753.0,261.0,332.0,298.0,322.0,1145.0,755.0,559.0,356.0,747.0,642.0
233.0,322.0,542.0,759.0,1432.0,755.0,1731.0,826.0,888.0,262.0,852.0,19121.0,760.0,773.0,421.0,277.0,155.0,893.0,193.0,462.0,699.0,707.0,275.0,328.0,319.0,345.0,994.0,724.0,509.0,387.0,656.0,642.0
475.0,596.0,1076.0,1572.0,2770.0,1465.0,3632.0,1814.0,1821.0,502.0,1570.0,37670.0,1481.0,1494.0,860.0,567.0,313.0,1658.0,371.0,1006.0,1349.0,1329.0,498.0,637.0,625.0,642.0,1973.0,1459.0,1000.0,686.0,1303.0,1126.0
229.0,288.0,536.0,859.0,1357.0,715.0,1922.0,989.0,967.0,279.0,751.0,19177.0,723.0,766.0,383.0,278.0,172.0,873.0,179.0,538.0,626.0,682.0,256.0,309.0,307.0,329.0,1008.0,759.0,500.0,373.0,649.0,575.0
246.0,308.0,540.0,713.0,1413.0,750.0,1710.0,825.0,854.0,223.0,819.0,18493.0,758.0,728.0,477.0,289.0,141.0,785.0,192.0,468.0,723.0,647.0,242.0,328.0,318.0,313.0,965.0,700.0,500.0,313.0,654.0,551.0
404.0,582.0,1058.0,1518.0,2620.0,1407.0,3409.0,1836.0,1732.0,479.0,1443.0,35767.0,1418.0,1456.0,769.0,579.0,287.0,1548.0,344.0,916.0,1271.0,1250.0,492.0,606.0,573.0,583.0,1803.0,1297.0,1059.0,634.0,1280.0,1114.0
197.0,295.0,551.0,766.0,1303.0,675.0,1789.0,1043.0,939.0,255.0,712.0,18294.0,713.0,721.0,377.0,304.0,133.0,810.0,180.0,476.0,588.0,629.0,239.0,317.0,289.0,313.0,978.0,671.0,513.0,344.0,636.0,538.0
207.0,287.0,507.0,752.0,1317.0,732.0,1620.0,793.0,793.0,224.0,731.0,17473.0,705.0,735.0,392.0,275.0,154.0,738.0,164.0,440.0,683.0,621.0,253.0,289.0,284.0,270.0,825.0,626.0,546.0,290.0,644.0,576.0
412.0,514.0,976.0,1483.0,2446.0,1344.0,3195.0,1703.0,1660.0,504.0,1341.0,33759.0,1351.0,1245.0,725.0,539.0,279.0,1462.0,359.0,921.0,1150.0,1174.0,464.0,562.0,592.0,562.0,1736.0,1301.0,938.0,586.0,1188.0,1047.0
211.0,260.0,498.0,786.0,1297.0,681.0,1719.0,946.0,879.0,276.0,664.0,17665.0,665.0,592.0,410.0,288.0,139.0,770.0,187.0,506.0,573.0,621.0,250.0,290.0,295.0,292.0,908.0,674.0,511.0,300.0,625.0,552.0
201.0,254.0,478.0,697.0,1149.0,663.0,1476.0,757.0,781.0,228.0,677.0,16094.0,686.0,653.0,315.0,251.0,140.0,692.0,172.0,415.0,577.0,553.0,214.0,272.0,297.0,270.0,828.0,627.0,427.0,286.0,563.0,495.0
372.0,482.0,894.0,1358.0,2290.0,1179.0,2943.0,1604.0,1475.0,425.0,1198.0,30572.0,1189.0,1181.0,697.0,452.0,260.0,1324.0,296.0,775.0,1044.0,1067.0,377.0,496.0,466.0,511.0,1509.0,1211.0,835.0,598.0,1090.0,974.0
188.0,258.0,452.0,729.0,1189.0,585.0,1633.0,888.0,783.0,246.0,601.0,15971.0,596.0,601.0,337.0,217.0,123.0,715.0,160.0,430.0,532.0,543.0,191.0,248.0,229.0,277.0,792.0,630.0,422.0,308.0,567.0,501.0
184.0,224.0,442.0,629.0,1101.0,594.0,1310.0,716.0,692.0,179.0,597.0,14601.0,593.0,580.0,360.0,235.0,137.0,609.0,136.0,345.0,512.0,524.0,186.0,248.0,237.0,234.0,717.0,581.0,413.0,290.0,523.0,473.0
312.0,433.0,793.0,1197.0,1965.0,1115.0,2846.0,1551.0,1292.0,387.0,1125.0,28058.0,1077.0,1040.0,610.0,443.0,232.0,1217.0,261.0,797.0,952.0,992.0,361.0,439.0,461.0,452.0,1393.0,1043.0,761.0,519.0,1056.0,936.0
156.0,217.0,377.0,667.0,994.0,562.0,1581.0,867.0,676.0,222.0,558.0,14666.0,557.0,534.0,307.0,225.0,122.0,633.0,121.0,408.0,469.0,506.0,179.0,231.0,231.0,234.0,782.0,523.0,411.0,271.0,547.0,498.0
156.0,216.0,416.0,530.0,971.0,553.0,1265.0,684.0,616.0,165.0,567.0,13392.0,520.0,506.0,303.0,218.0,110.0,584.0,140.0,389.0,483.0,486.0,182.0,208.0,230.0,218.0,611.0,520.0,350.0,248.0,509.0,438.0
339.0,388.0,693.0,1142.0,1833.0,991.0,2774.0,1448.0,1258.0,363.0,1026.0,26104.0,1017.0,981.0,597.0,390.0,212.0,1209.0,235.0,665.0,884.0,865.0,357.0,442.0,422.0,457.0,1205.0,1010.0,699.0,478.0,912.0,812.0
171.0,191.0,379.0,665.0,982.0,489.0,1554.0,793.0,692.0,208.0,527.0,13938.0,517.0,512.0,327.0,212.0,112.0,650.0,126.0,374.0,456.0,473.0,158.0,229.0,203.0,235.0,670.0,524.0,350.0,272.0,467.0,420.0
168.0,197.0,314.0,477.0,851.0,502.0,1220.0,655.0,566.0,155.0,499.0,12166.0,500.0,469.0,270.0,178.0,100.0,559.0,109.0,291.0,428.0,392.0,199.0,213.0,219.0,222.0,535.0,486.0,349.0,206.0,445.0,392.0
279.0,332.0,594.0,1103.0,1669.0,902.0,2408.0,1410.0,1011.0,376.0,998.0,22847.0,818.0,778.0,514.0,341.0,159.0,1001.0,207.0,572.0,799.0,802.0,255.0,360.0,362.0,379.0,1022.0,804.0,656.0,397.0,833.0,706.0
163.0,157.0,299.0,587.0,879.0,446.0,1374.0,819.0,533.0,226.0,499.0,12173.0,446.0,405.0,265.0,186.0,77.0,570.0,115.0,300.0,392.0,430.0,138.0,202.0,191.0,203.0,550.0,421.0,335.0,195.0,398.0,372.0
116.0,175.0,295.0,516.0,790.0,456.0,1034.0,591.0,478.0,150.0,499.0,10674.0,372.0,373.0,249.0,155.0,82.0,431.0,92.0,272.0,407.0,372.0,117.0,158.0,171.0,176.0,472.0,383.0,321.0,202.0,435.0,334.0
265.0,319.0,583.0,943.0,1407.0,840.0,2254.0,1240.0,919.0,250.0,865.0,20661.0,783.0,673.0,463.0,304.0,150.0,888.0,179.0,589.0,740.0,674.0,251.0,309.0,335.0,340.0,992.0,775.0,585.0,380.0,763.0,603.0
148.0,152.0,312.0,522.0,773.0,441.0,1332.0,712.0,499.0,145.0,424.0,11191.0,388.0,372.0,234.0,158.0,80.0,467.0,87.0,325.0,391.0,348.0,151.0,163.0,184.0,177.0,558.0,420.0,309.0,193.0,396.0,330.0
117.0,167.0,271.0,421.0,634.0,399.0,922.0,528.0,420.0,105.0,441.0,9470.0,395.0,301.0,229.0,146.0,70.0,421.0,92.0,264.0,349.0,326.0,100.0,146.0,151.0,163.0,434.0,355.0,276.0,187.0,367.0,273.0
240.0,273.0,526.0,963.0,1379.0,744.0,2287.0,1229.0,848.0,279.0,804.0,19538.0,758.0,636.0,399.0,269.0,169.0,846.0,164.0,512.0,641.0,617.0,267.0,319.0,322.0,298.0,901.0,749.0,502.0,328.0,670.0,599.0
131.0,146.0,287.0,570.0,757.0,379.0,1368.0,666.0,438.0,179.0,409.0,10759.0,418.0,362.0,225.0,148.0,81.0,466.0,84.0,289.0,352.0,324.0,144.0,160.0,175.0,160.0,491.0,416.0,256.0,187.0,358.0,333.0
109.0,127.0,239.0,393.0,622.0,365.0,919.0,563.0,410.0,100.0,395.0,8779.0,340.0,274.0,174.0,121.0,88.0,380.0,80.0,223.0,289.0,293.0,123.0,159.0,147.0,138.0,410.0,333.0,246.0,141.0,312.0,266.0
203.0,280.0,476.0,844.0,1179.0,707.0,2088.0,1141.0,707.0,277.0,770.0,17885.0,615.0,562.0,387.0,251.0,163.0,771.0,143.0,461.0,621.0,567.0,239.0,313.0,317.0,298.0,798.0,678.0,501.0,346.0,651.0,531.0
102.0,144.0,254.0,512.0,651.0,367.0,1242.0,679.0,395.0,160.0,405.0,9985.0,345.0,332.0,214.0,136.0,90.0,407.0,75.0,246.0,346.0,303.0,135.0,179.0,167.0,165.0,455.0,374.0,268.0,200.0,355.0,282.0
101.0,136.0,222.0,332.0,528.0,340.0,846.0,462.0,312.0,117.0,365.0,7900.0,270.0,230.0,173.0,115.0,73.0,364.0,68.0,215.0,275.0,264.0,104.0,134.0,150.0,133.0,343.0,304.0,233.0,146.0,296.0,249.0
198.0,252.0,394.0,750.0,1059.0,623.0,1916.0,992.0,642.0,236.0,603.0,15655.0,607.0,464.0,347.0,205.0,144.0,687.0,140.0,416.0,543.0,460.0,207.0,251.0,249.0,237.0,711.0,611.0,429.0,275.0,553.0,454.0
111.0,145.0,207.0,441.0,598.0,351.0,1177.0,582.0,365.0,148.0,306.0,8890.0,331.0,246.0,188.0,99.0,87.0,409.0,74.0,222.0,311.0,256.0,113.0,146.0,130.0,127.0,421.0,339.0,262.0,159.0,299.0,240.0
87.0,107.0,187.0,309.0,461.0,272.0,739.0,410.0,277.0,88.0,297.0,6765.0,276.0,218.0,159.0,106.0,57.0,278.0,66.0,194.0,232.0,204.0,94.0,105.0,119.0,110.0,290.0,272.0,167.0,116.0,254.0,214.0
141.0,245.0,376.0,653.0,1050.0,551.0,1786.0,937.0,546.0,211.0,569.0,14457.0,499.0,475.0,309.0,198.0,108.0,597.0,143.0,352.0,523.0,438.0,175.0,295.0,235.0,260.0,644.0,551.0,396.0,274.0,503.0,417.0
77.0,137.0,202.0,401.0,593.0,317.0,1109.0,570.0,300.0,130.0,303.0,8303.0,255.0,269.0,183.0,114.0,55.0,338.0,78.0,209.0,304.0,238.0,96.0,168.0,126.0,146.0,394.0,308.0,213.0,144.0,287.0,239.0
64.0,108.0,174.0,252.0,457.0,234.0,677.0,367.0,246.0,81.0,266.0,6154.0,244.0,206.0,126.0,84.0,53.0,259.0,65.0,143.0,219.0,200.0,79.0,127.0,109.0,114.0,250.0,243.0,183.0,130.0,216.0,178.0
159.0,226.0,355.0,614.0,923.0,434.0,1562.0,817.0,500.0,181.0,552.0,12871.0,439.0,371.0,307.0,176.0,92.0,556.0,140.0,317.0,451.0,402.0,171.0,225.0,235.0,222.0,530.0,503.0,354.0,242.0,443.0,372.0
86.0,128.0,197.0,378.0,511.0,266.0,988.0,482.0,293.0,110.0,317.0,7501.0,260.0,218.0,189.0,95.0,54.0,321.0,79.0,192.0,247.0,216.0,99.0,131.0,129.0,130.0,304.0,293.0,186.0,131.0,260.0,211.0
73.0,98.0,158.0,236.0,412.0,168.0,574.0,335.0,207.0,71.0,235.0,5370.0,179.0,153.0,118.0,81.0,38.0,235.0,61.0,125.0,204.0,186.0,72.0,94.0,106.0,92.0,226.0,210.0,168.0,111.0,183.0,161.0
119.0,182.0,283.0,528.0,804.0,433.0,1417.0,736.0,434.0,143.0,439.0,11281.0,424.0,341.0,278.0,158.0,105.0,451.0,102.0,266.0,393.0,379.0,156.0,173.0,226.0,194.0,474.0,430.0,328.0,228.0,366.0,291.0
62.0,107.0,170.0,309.0,468.0,256.0,908.0,448.0,249.0,91.0,244.0,6766.0,260.0,201.0,171.0,93.0,55.0,260.0,65.0,176.0,238.0,237.0,93.0,100.0,134.0,103.0,271.0,269.0,198.0,129.0,226.0,175.0
57.0,75.0,113.0,219.0,336.0,177.0,509.0,288.0,185.0,52.0,195.0,4515.0,164.0,140.0,107.0,65.0,50.0,191.0,37.0,90.0,155.0,142.0,63.0,73.0,92.0,91.0,203.0,161.0,130.0,99.0,140.0,116.0
105.0,188.0,258.0,454.0,690.0,339.0,1330.0,668.0,324.0,141.0,433.0,9698.0,322.0,265.0,203.0,137.0,80.0,357.0,91.0,244.0,393.0,282.0,131.0,178.0,177.0,168.0,379.0,364.0,266.0,167.0,323.0,241.0
68.0,105.0,144.0,291.0,427.0,208.0,886.0,412.0,219.0,75.0,257.0,5927.0,183.0,164.0,126.0,85.0,46.0,209.0,49.0,143.0,239.0,171.0,79.0,106.0,102.0,100.0,241.0,219.0,158.0,98.0,170.0,147.0
37.0,83.0,114.0,163.0,263.0,131.0,444.0,256.0,105.0,66.0,176.0,3771.0,139.0,101.0,77.0,52.0,34.0,148.0,42.0,101.0,154.0,111.0,52.0,72.0,75.0,68.0,138.0,145.0,108.0,69.0,153.0,94.0
86.0,134.0,207.0,365.0,549.0,310.0,1066.0,525.0,333.0,96.0,360.0,7997.0,269.0,242.0,188.0,96.0,56.0,317.0,73.0,183.0,269.0,224.0,129.0,120.0,149.0,140.0,319.0,332.0,226.0,131.0,257.0,246.0
54.0,79.0,132.0,232.0,340.0,172.0,712.0,331.0,192.0,54.0,223.0,4961.0,182.0,160.0,115.0,64.0,39.0,202.0,42.0,116.0,157.0,143.0,73.0,62.0,100.0,87.0,188.0,191.0,149.0,78.0,159.0,133.0
32.0,55.0,75.0,133.0,209.0,138.0,354.0,194.0,141.0,42.0,137.0,3036.0,87.0,82.0,73.0,32.0,17.0,115.0,31.0,67.0,112.0,81.0,56.0,58.0,49.0,53.0,131.0,141.0,77.0,53.0,98.0,113.0
65.0,96.0,174.0,335.0,475.0,248.0,885.0,493.0,256.0,88.0,289.0,6729.0,228.0,196.0,131.0,70.0,61.0,248.0,56.0,149.0,256.0,203.0,88.0,107.0,137.0,105.0,289.0,280.0,204.0,123.0,217.0,177.0
48.0,57.0,106.0,222.0,282.0,154.0,614.0,312.0,171.0,54.0,178.0,4285.0,147.0,124.0,82.0,44.0,33.0,155.0,39.0,92.0,157.0,136.0,56.0,63.0,88.0,60.0,168.0,181.0,126.0,84.0,139.0,113.0
17.0,39.0,68.0,113.0,193.0,94.0,271.0,181.0,85.0,34.0,111.0,2444.0,81.0,72.0,49.0,26.0,28.0,93.0,17.0,57.0,99.0,67.0,32.0,44.0,49.0,45.0,121.0,99.0,78.0,39.0,78.0,64.0
72.0,98.0,138.0,272.0,430.0,207.0,778.0,379.0,211.0,102.0,254.0,5731.0,209.0,153.0,138.0,89.0,57.0,221.0,43.0,132.0,218.0,144.0,66.0,77.0,96.0,86.0,210.0,230.0,171.0,109.0,177.0,164.0
45.0,62.0,89.0,177.0,282.0,136.0,534.0,251.0,153.0,68.0,180.0,3781.0,133.0,102.0,93.0,49.0,36.0,152.0,32.0,95.0,149.0,88.0,47.0,48.0,56.0,56.0,119.0,150.0,108.0,73.0,115.0,103.0
27.0,36.0,49.0,95.0,148.0,71.0,244.0,128.0,58.0,34.0,74.0,1950.0,76.0,51.0,45.0,40.0,21.0,69.0,11.0,37.0,69.0,56.0,19.0,29.0,40.0,30.0,91.0,80.0,63.0,36.0,62.0,61.0
38.0,67.0,99.0,177.0,304.0,148.0,624.0,287.0,148.0,64.0,190.0,4106.0,128.0,111.0,83.0,65.0,42.0,150.0,26.0,100.0,129.0,125.0,66.0,57.0,76.0,54.0,146.0,170.0,120.0,73.0,125.0,114.0
24.0,52.0,71.0,117.0,211.0,94.0,455.0,194.0,106.0,45.0,131.0,2809.0,88.0,70.0,58.0,48.0,30.0,103.0,19.0,66.0,85.0,84.0,44.0,32.0,54.0,38.0,96.0,102.0,87.0,44.0,80.0,81.0
14.0,15.0,28.0,60.0,93.0,54.0,169.0,93.0,42.0,19.0,59.0,1297.0,40.0,41.0,25.0,17.0,12.0,47.0,7.0,34.0,44.0,41.0,22.0,25.0,22.0,16.0,50.0,68.0,33.0,29.0,45.0,33.0
26.0,50.0,78.0,149.0,236.0,130.0,447.0,230.0,118.0,53.0,129.0,3257.0,127.0,114.0,66.0,38.0,32.0,130.0,36.0,88.0,122.0,88.0,45.0,48.0,71.0,51.0,115.0,118.0,70.0,60.0,110.0,82.0
22.0,35.0,58.0,111.0,172.0,89.0,322.0,162.0,80.0,43.0,91.0,2320.0,92.0,81.0,45.0,21.0,22.0,96.0,30.0,63.0,93.0,54.0,29.0,39.0,51.0,35.0,84.0,73.0,45.0,44.0,76.0,62.0
4.0,15.0,20.0,38.0,64.0,41.0,125.0,68.0,38.0,10.0,38.0,937.0,35.0,33.0,21.0,17.0,10.0,34.0,6.0,25.0,29.0,34.0,16.0,9.0,20.0,16.0,31.0,45.0,25.0,16.0,34.0,20.0
24.0,32.0,54.0,79.0,153.0,88.0,362.0,189.0,86.0,26.0,120.0,2455.0,78.0,64.0,63.0,29.0,22.0,98.0,26.0,50.0,108.0,72.0,35.0,50.0,55.0,57.0,100.0,91.0,57.0,47.0,64.0,76.0
18.0,20.0,40.0,62.0,110.0,62.0,264.0,124.0,62.0,17.0,81.0,1737.0,56.0,39.0,44.0,21.0,14.0,74.0,19.0,39.0,80.0,52.0,26.0,30.0,32.0,45.0,72.0,63.0,40.0,36.0,42.0,53.0
6.0,12.0,14.0,17.0,43.0,26.0,98.0,65.0,24.0,9.0,39.0,718.0,22.0,25.0,19.0,8.0,8.0,24.0,7.0,11.0,28.0,20.0,9.0,20.0,23.0,12.0,28.0,28.0,17.0,11.0,22.0,23.0
14.0,29.0,51.0,61.0,140.0,91.0,265.0,132.0,53.0,24.0,98.0,1826.0,66.0,54.0,36.0,13.0,21.0,68.0,11.0,50.0,61.0,63.0,21.0,27.0,38.0,23.0,63.0,70.0,33.0,40.0,51.0,59.0
12.0,21.0,38.0,42.0,103.0,63.0,194.0,92.0,39.0,20.0,69.0,1344.0,56.0,40.0,28.0,8.0,14.0,50.0,10.0,39.0,49.0,44.0,20.0,19.0,30.0,18.0,40.0,49.0,29.0,28.0,36.0,44.0
2.0,8.0,13.0,19.0,37.0,28.0,71.0,40.0,14.0,4.0,29.0,482.0,10.0,14.0,8.0,5.0,7.0,18.0,1.0,11.0,12.0,19.0,1.0,8.0,8.0,5.0,23.0,21.0,4.0,12.0,15.0,15.0
11.0,23.0,40.0,54.0,84.0,48.0,200.0,95.0,48.0,19.0,54.0,1283.0,33.0,37.0,32.0,15.0,6.0,50.0,13.0,30.0,52.0,42.0,17.0,19.0,28.0,21.0,41.0,41.0,26.0,24.0,42.0,38.0
8.0,16.0,28.0,43.0,66.0,34.0,142.0,61.0,32.0,16.0,47.0,956.0,24.0,29.0,23.0,14.0,6.0,36.0,10.0,25.0,42.0,33.0,14.0,11.0,19.0,14.0,34.0,34.0,19.0,17.0,33.0,26.0
3.0,7.0,12.0,11.0,18.0,14.0,58.0,34.0,16.0,3.0,7.0,327.0,9.0,8.0,9.0,1.0,0.0,14.0,3.0,5.0,10.0,9.0,3.0,8.0,9.0,7.0,7.0,7.0,7.0,7.0,9.0,12.0
11.0,13.0,31.0,39.0,65.0,27.0,115.0,57.0,51.0,12.0,44.0,949.0,45.0,28.0,24.0,10.0,17.0,33.0,8.0,25.0,34.0,24.0,9.0,16.0,13.0,22.0,38.0,33.0,20.0,23.0,37.0,25.0
9.0,10.0,20.0,28.0,49.0,21.0,87.0,43.0,40.0,10.0,36.0,732.0,32.0,21.0,19.0,8.0,14.0,24.0,6.0,20.0,24.0,18.0,9.0,13.0,12.0,18.0,29.0,27.0,15.0,18.0,31.0,21.0
2.0,3.0,11.0,11.0,16.0,6.0,28.0,14.0,11.0,2.0,8.0,217.0,13.0,7.0,5.0,2.0,3.0,9.0,2.0,5.0,10.0,6.0,0.0,3.0,1.0,4.0,9.0,6.0,5.0,5.0,6.0,4.0
7.0,8.0,15.0,23.0,47.0,15.0,81.0,45.0,21.0,15.0,34.0,622.0,19.0,15.0,16.0,5.0,6.0,36.0,6.0,20.0,27.0,19.0,11.0,8.0,7.0,12.0,17.0,21.0,17.0,11.0,22.0,16.0
5.0,7.0,12.0,20.0,40.0,11.0,57.0,35.0,18.0,14.0,29.0,492.0,15.0,12.0,14.0,1.0,5.0,27.0,6.0,17.0,18.0,16.0,9.0,7.0,6.0,11.0,13.0,16.0,13.0,8.0,18.0,12.0
2.0,1.0,3.0,3.0,7.0,4.0,24.0,10.0,3.0,1.0,5.0,130.0,4.0,3.0,2.0,4.0,1.0,9.0,0.0,3.0,9.0,3.0,2.0,1.0,1.0,1.0,4.0,5.0,4.0,3.0,4.0,4.0
7.0,6.0,14.0,24.0,25.0,18.0,64.0,32.0,22.0,4.0,22.0,441.0,12.0,13.0,9.0,3.0,3.0,17.0,1.0,7.0,14.0,15.0,5.0,4.0,9.0,10.0,17.0,10.0,19.0,6.0,21.0,8.0
6.0,6.0,11.0,20.0,17.0,13.0,49.0,26.0,20.0,1.0,16.0,336.0,9.0,12.0,5.0,3.0,3.0,11.0,0.0,6.0,12.0,12.0,5.0,4.0,6.0,8.0,10.0,5.0,15.0,3.0,15.0,7.0
1.0,0.0,3.0,4.0,8.0,5.0,15.0,6.0,2.0,3.0,6.0,105.0,3.0,1.0,4.0,0.0,0.0,6.0,1.0,1.0,2.0,3.0,0.0,0.0,3.0,2.0,7.0,5.0,4.0,3.0,6.0,1.0
3.0,18.0,19.0,26.0,54.0,33.0,100.0,55.0,21.0,8.0,42.0,738.0,14.0,25.0,18.0,10.0,4.0,41.0,6.0,28.0,31.0,21.0,8.0,5.0,12.0,12.0,36.0,23.0,19.0,12.0,16.0,18.0
3.0,12.0,16.0,20.0,43.0,31.0,80.0,42.0,17.0,5.0,26.0,584.0,12.0,19.0,12.0,10.0,4.0,34.0,5.0,23.0,25.0,17.0,7.0,4.0,7.0,9.0,29.0,19.0,15.0,9.0,14.0,15.0
0.0,6.0,3.0,6.0,11.0,2.0,20.0,13.0,4.0,3.0,16.0,154.0,2.0,6.0,6.0,0.0,0.0,7.0,1.0,5.0,6.0,4.0,1.0,1.0,5.0,3.0,7.0,4.0,4.0,3.0,2.0,3.0
